train,val
0.0011578870341796884,0.0016143148145547237
0.0009302157566795315,0.0015658084110283933
0.0008971447684874645,0.0016756505206267978
0.0008793252005718272,0.0011151083515387546
0.0008756779953486906,0.0013401047614156213
0.0007900387266525523,0.000946783758574537
0.000822474764487944,0.0014263175202446643
0.0008130619628701524,0.0015128592671514404
0.000790992892197001,0.001930106971332248
0.0008371162597073414,0.001817055615310344
0.0007954947917148384,0.0013747477386054213
