train,val
0.0011837808452984464,0.003366087500219155
0.0010155423743409184,0.0023456224675517507
0.0010054899059834864,0.0017610241999816015
0.0009313129271572575,0.002372748237587119
0.0009191244878126997,0.002371762299483098
0.0009126986839871276,0.001767530886025774
0.0009426646671906107,0.0018199743472982243
0.0009843132483246398,0.0018524191136638835
