train,val
0.0009459953856214752,0.001555521922182379
0.0008614426020051406,0.00136643536397969
0.0008280624912792945,0.0014533201265294338
0.0008153890731668377,0.0011916131177713396
0.0008017161346003147,0.0014264806810388108
0.0007961843233036245,0.0012149599551776191
0.000793676089272934,0.0012591436166985658
0.0007803998706954902,0.0011957524522586028
0.0008041770815907512,0.0012674211421654035
