train,val
0.0014709267266354515,0.003351186981734184
0.0013052206906584353,0.002851097739305881
0.001126008799452305,0.0020237588509988244
0.001029554738124716,0.0019791460036663565
0.0009311301890039727,0.0014877902597995338
0.0009694558828151315,0.0015532385697020444
0.0009652781018741668,0.001768074229802573
0.0009300051500517784,0.0017570247767186473
0.0009322510869829587,0.0015598849816497687
0.0009178323552549111,0.001848226682873579
