train,val
0.0010913859909228853,0.0015572178316282787
0.0008788482360243692,0.001369622562354281
0.000857845841799009,0.001540309560746812
0.0008078299958515549,0.0012503540801625636
0.0008004137377271661,0.0009775757059660136
0.0008210785452673286,0.0012470518180503333
0.0007965022007334684,0.0012301723634948988
0.0008229779874663459,0.0011001330485669314
0.0008066987001280255,0.0010520253310832813
0.0007893106365555377,0.001077780221595572
