train,val
0.0009507738642399239,0.001073700263573465
0.0008785907569404969,0.00129043366049733
0.0008935980495350478,0.000992539440872006
0.0008066014354743471,0.0012599298243770474
0.0008674424939067751,0.0008895939028924801
0.0008384397214690832,0.0008133897376043374
0.0007908071961339928,0.0009184655099631188
0.00079269530784597,0.001455028040057307
0.0008167634348468454,0.0009577101512927967
0.000807031714617003,0.0013318134955274633
0.000762521454269223,0.001206501805723111
