train,val
0.0009093184598308975,0.0014381913199294247
0.0008100222910923674,0.0012692380749132395
0.0007964296025144628,0.0012052474519432836
0.0007832128012277944,0.0013532877122318506
0.0007666319573657787,0.001038273143093242
0.0007464724636061415,0.0011414712500416237
0.0007449371692005101,0.0010811308771319244
0.0007291394401388086,0.0010449363066708244
0.0007346187911369614,0.0011081987775754217
0.0007289547790958193,0.0010985224046646226
