train,val
0.00113716462766885,0.0018563388743986942
0.0009428329171262566,0.0017239390946055077
0.0008605386275769791,0.0013393423730330065
0.0008235197950572824,0.0012804678932210312
0.0008061419212742391,0.0010068004412131409
0.0007805807450778816,0.0012199841368279324
0.000789369685655178,0.001174910716911994
0.0007758478639958191,0.0012738152370466963
0.0007636493697847881,0.0011201107186847015
0.0008265539941420257,0.001482433752550923
