train,val
0.0010506266040158745,0.002370761151612941
0.0008966866917144655,0.002377746606858947
0.0009106128942024163,0.0014283366410115666
0.000894249891994643,0.001437975452285084
0.0008592453157645474,0.0018191567285656474
0.0008567255422184896,0.0016993618259354064
0.0008535035097130353,0.0015373561075581919
0.0007971399788939709,0.0019141995548923704
