train,val
0.0009678424896418323,0.002074881742151863
0.000881977279409128,0.0017326273841828835
0.0008337660120691524,0.0012974260423173447
0.000830949323458244,0.00139881749552243
0.0008208651448972909,0.001429281891366217
0.0008272930486694909,0.001466134825377816
0.0008007182521736008,0.0014984991948727927
0.0008270936290369192,0.0014895900293173858
