train,val
0.0009970919845768529,0.001076986047184005
0.0008456873195133232,0.001367716985277436
0.0008562442808244063,0.0013281871249628567
0.0008518638431516696,0.0010497991843952052
0.0007849450631433267,0.0009455487624908999
0.0007763607868275966,0.0012399619621843946
0.0007640210058933258,0.0010357142249171353
0.000776215767611733,0.0012013294555405323
0.0007248451325637731,0.000986133131155806
0.0007919108052553658,0.0011242162256977796
