train,val
0.0009006274850672764,0.0009634982040102863
0.0008184599017184226,0.0009119973871408098
0.0007706939273203216,0.0007882968482108371
0.0007770534843452346,0.0008598456354895944
0.0007755271383951562,0.0008325399310224274
0.0007445956300336668,0.000750532288841359
0.0007184790580583,0.0009422047082643328
0.0007297765866985663,0.0008380116539984852
0.0007386069651161065,0.001077980590466668
0.0007267301837357747,0.0009823332137269731
0.0007235665890704269,0.0008887151301875627
