train,val
0.0010005140652770256,0.00178418156876038
0.0009291768886353706,0.001322095729606135
0.0008593881332128514,0.0014639770818477306
0.0008475973795789465,0.0010650394106050953
0.0008503480025660587,0.0012764324162699596
0.000801134452446492,0.001020967113892043
0.0007787711065357253,0.0014214272179896102
0.0007878329201780438,0.0011551958483893491
0.0007955194721687547,0.0015185917059225395
0.0008208943859231098,0.0011136356390497567
0.0008035390549187061,0.0012435517191002566
