train,val
0.00099780429499546,0.0012095867488594184
0.0008147895124169212,0.0012360045971967425
0.0008335993401052312,0.000888011068149441
0.0008429489237084806,0.0010940974745104342
0.0008244777949385052,0.0013091685780154767
0.0008097274976255169,0.0014818396945708837
0.0008138827588939424,0.0010681096685413694
0.0008268530281911426,0.0010567437610839682
