train,val
0.0009381785997687183,0.0011277191766260013
0.000816144696429241,0.0009906200656291456
0.0008417438327766165,0.001123727867323681
0.0008357482936829463,0.0012133316201240621
0.0008021217625558518,0.0011502588541227314
0.0007666981598500799,0.0010390856659358244
0.0007784139845356457,0.0013230870223109026
