train,val
0.0010266094200192088,0.001304706926941479
0.0008869298581958975,0.00131161705672661
0.0008402957633412048,0.0008475475725467129
0.000827415929267988,0.0007760275744351612
0.0008351582953644418,0.0008479771213278143
0.0008546456912018631,0.0010088800399351012
0.0008266218221644915,0.0010462557076213002
0.0007678820126781826,0.0009192409894919354
0.0007546592306089797,0.0013044624997582356
