train,val
0.0008902841629152592,0.0012363995895622838
0.0007874572240363743,0.0010060277919660895
0.0007940756300008794,0.0010717319275872468
0.0007918448546161426,0.0009982591790865254
0.0007562927158105922,0.0008893980720383396
0.0007460451515097984,0.0009619018256857834
0.0007346306950133005,0.0010228215608779475
0.0007337360549847055,0.0009401428267073605
0.0007403236588763795,0.0009310820325086993
0.0007122873641503258,0.0010710685578432966
