train,val
0.0010425005343827401,0.0020170614448746286
0.0009060513883030597,0.0012492276475686266
0.0008870720230361285,0.0014367477225135528
0.0008381300004212344,0.00096785288901245
0.0008604930296202725,0.0011505939604480279
0.0008868264443029424,0.0013706497294885803
0.0008616782104516395,0.001417901032167369
0.0008291892783920222,0.0014352347967930205
0.0008219132205067308,0.0015462729547780108
