train,val
0.0010744197418610278,0.0021015188836630053
0.0010074305101070778,0.0020106568419183775
0.0010324995980142292,0.0016230838319829508
0.0009658371807707188,0.0014796751740329664
0.0009627744619645963,0.0017448709840242505
0.000928772784642457,0.0012145577408324264
0.0009144307270791789,0.001861381751161871
0.0009460475935853325,0.0014947621097103749
0.0008670992874722397,0.0014469809693435814
0.0009280773210885054,0.0012403419932086829
0.0008611218576164732,0.0020014251496766255
