train,val
0.001037855097064198,0.001749240236410803
0.0009455783702581258,0.0013252326181561619
0.0008793880079212109,0.0016163154576178185
0.0008554118087952055,0.0011599787685554475
0.0008931979357850694,0.0015465168235539572
0.0008524287636372533,0.0015130084414012367
0.000895025374197155,0.0015534435195859704
0.0008525182969913066,0.00127957435466758
0.0008644313660986509,0.0014057831126038076
