train,val
0.001157345371919733,0.0014119845081525576
0.0009175861318635862,0.0013778181316180952
0.000895663303667809,0.001263290254581693
0.0008815272902114478,0.0012543518912014361
0.0008650483055687069,0.0010623484218324091
0.0008425841443578969,0.0014744859998968587
0.0008549784622529182,0.0012470734780282624
0.000808576396229637,0.00119025955129736
0.0007989212312392399,0.0011276411476786282
0.0007485186154630999,0.0011035723074168213
