train,val
0.0011765567066071548,0.002454664859467001
0.0009323560288027198,0.003006617736835061
0.0009076493822736357,0.0013727596232927747
0.0008802730111227418,0.0018222124601752184
0.0008323639867787781,0.0019453540866028976
0.0008072123748675054,0.0031926624645834583
0.000771794963516773,0.0021609408402757956
0.0008002180208374435,0.0019113420567557487
