train,val
0.0010664784435190874,0.0030720515685970897
0.0009696527539997177,0.0027233838608481165
0.00101805878505521,0.002810437499647378
0.0009707527273984665,0.002962656738964142
0.0009169293574901881,0.0016501471396622946
0.0008974132765451284,0.0020498953743299355
0.0010010287841867532,0.0026527537820584257
0.0010418418989655651,0.0019962470738391857
0.0009236636329024991,0.002000447419050033
0.0008592066401379051,0.0024910408712457864
