train,val
0.0010691646128355753,0.0015162325432674514
0.0009154486376094458,0.0016097127074142217
0.0008977212001759224,0.0013485336962018543
0.0008423603561526,0.0008715346536727262
0.0008398185339442337,0.0009991657443825684
0.00080114665404418,0.0009022594770185715
0.0007728018674203232,0.00133569469245417
0.0008203080585106177,0.001317146008133647
0.000813237728910811,0.0014005871469700913
