train,val
0.0011033287548716216,0.00220218687971327
0.0009376550672871428,0.0018000641330883542
0.0009040229680199062,0.0013547449212282805
0.0008499657210066574,0.001436284457889908
0.0008610650148862571,0.0011994898945331665
0.0008118400129282543,0.0011877363779093707
0.0007915715660787846,0.001397064373766004
0.0008362679143127858,0.0014263399672217484
0.000791971399224397,0.0014944471044057027
0.0007907057538925227,0.0014389118452261135
0.0007779124305627017,0.0014383349490988
