train,val
0.0009098656378801598,0.001291536720096504
0.000813021080034218,0.0010935689690568433
0.0007624274776656232,0.001086891275742554
0.0007756190949658185,0.0010527494028705054
0.0007332806395136853,0.000973092213738359
0.0007345965412650639,0.0010725677820590202
0.000741744013444978,0.0012930286190008286
0.0007293486817830613,0.0010605451213658776
0.0007228354455879913,0.0010311742418751412
0.0007137884387246002,0.0009777173355655852
