train,val
0.0008997224111785233,0.0013738544310000157
0.0008252137682816337,0.0013726877191291395
0.0007912648748992156,0.0013657006940509125
0.0007951859315982298,0.0012094751564734729
0.0007863445064258595,0.0013804350668712088
0.0007689694414978706,0.0011343130470599933
0.0007572818735040407,0.0012454817812639948
0.0007454914035538039,0.001232074877451651
0.0007332801616326197,0.0012140516340789363
0.0007304712352631312,0.0014380340850571308
0.0007243094739888294,0.0012275582476144247
