train,val
0.0012004568986730554,0.0025320919251875817
0.0010296226623996703,0.001520392149913965
0.0008821240787299933,0.002193361060429796
0.0009132752108258961,0.001081386258791587
0.000895781946919998,0.001484104169521299
0.0008884057654880502,0.0012052233800115973
0.0008461547270938803,0.0018974153357614741
0.0008853840188266876,0.0019742738052339454
0.0008209909599564383,0.0013647327638265292
