train,val
0.0011742760198597787,0.0018245452881372724
0.0009332579797812812,0.0014741679265445058
0.0009043613871854532,0.0010333124512079991
0.0008904272302114323,0.0010684347512159799
0.0008245475732406101,0.0019508390892316314
0.0008557144579795684,0.0011559679625357405
0.000816043524616322,0.0011622835315710652
0.000805613709628241,0.001271553054951266
