train,val
0.0010265052956408313,0.002031029402527324
0.0008637776962263777,0.001712429424602656
0.0008610717006862372,0.001404761980315432
0.000849142202999095,0.0011039409316243064
0.0008179605831972877,0.0009261735607314693
0.0007690307406229831,0.0008535659544139046
0.000748631787636246,0.0011972232117490836
0.000787134115608646,0.0014100267950877413
0.0007520506855756969,0.0012468770881855287
0.0007817262445983381,0.0015253160747240792
0.0007542679634788992,0.0010488300702337552
