train,val
0.0009873286405600165,0.0017427723540708664
0.0008455585297722565,0.0009912573664059233
0.0008788586970276565,0.0014362765676426545
0.000865672377912979,0.0013028675879884605
0.0008316558083488021,0.0010629025757598028
0.0008884689996104997,0.0012867132572207181
0.0008178605351189333,0.0012594391326997702
