train,val
0.001061851831369736,0.0018527064595218689
0.0009135493266337315,0.0016403317895310465
0.0008587239456146672,0.00188581184065697
0.0008280317968412243,0.0012831765676310169
0.0008590433160379579,0.001350711952909478
0.000838143261169162,0.001372923797043768
0.0008634643311900191,0.0014139755341602723
0.0008386968433750367,0.0017928467431374885
0.0008339345227379607,0.0014102894263487542
