train,val
0.0010116984260350622,0.001268358064714766
0.0008749908260997418,0.0010711312816385039
0.0008445187316422701,0.0010362697245789123
0.0008728942078982094,0.0009947839893992565
0.0007884393620519153,0.0009337244772865803
0.0008049825298200573,0.0010711350922350223
0.0007919797583074089,0.001194439962825735
0.0007823814473720102,0.0015283452558800359
0.0007805609070724254,0.0012608238189331822
0.0007883372937495433,0.0016069039304867662
