train,val
0.0010429644219814701,0.002610843747899663
0.0009078244177117195,0.0016904571533725575
0.0008576154811843404,0.0016562811854272717
0.0008321129286182933,0.0016856926462113311
0.0008398179203162814,0.0013922739531930036
0.000841865493910803,0.0012172550252616042
0.0008346472512086445,0.0013182187018484423
0.0008322420994389462,0.0013852019364116487
0.0008218143462530072,0.001273260851498557
0.0007819111335200169,0.0015369584111684207
0.0007769317509050177,0.0014373539107931188
