train,val
0.0008716522593751879,0.001379345585563697
0.0008615529663820123,0.0011514033809894833
0.0008177496571868205,0.0012094713435167584
0.00078336578676992,0.0012692875610721276
0.0007864632269222758,0.0011808655328378536
0.0007999022048582457,0.0013972036994811966
0.0007479605402920012,0.0012443206583933404
