train,val
0.0010409193505124363,0.0019366026032682374
0.000944781516892846,0.0019525815283946962
0.0008880921869104395,0.0014397486001505595
0.0008792393216023808,0.001191138174856104
0.0008385988793833548,0.0010855000328303438
0.0008248261720883467,0.0013543157929453596
0.0008102409335981895,0.0011989979298872289
0.0008634216702367658,0.001365826981344137
0.0008014541153624759,0.0015498663648382302
0.000781921635381069,0.0012842499970455643
