train,val
0.0012575528792861572,0.0032687584437564553
0.0010471787888024198,0.0021871709705229446
0.0009808419144865074,0.0015082280374207836
0.0009600801618348983,0.0017551108980859932
0.0009047741817251502,0.0016164043173123803
0.0009467001257719888,0.001697903309832327
0.0009621681292956382,0.0019391815122693822
0.0009017070583973287,0.0016681067280875273
