train,val
0.0013787491358147762,0.0023903598937577934
0.0010841986631054301,0.002073168003556841
0.0009591566179672127,0.001739769757344819
0.0008729062403114975,0.0017088896686512204
0.0008340671947954401,0.0013020954953035248
0.0008427306612434058,0.001682896390642471
0.000875868967834475,0.002076294749092152
0.000822674981244778,0.0017706472565073566
0.0008652013818380467,0.001706773481933718
0.0008293915976668885,0.0014635563289275302
