train,val
0.001063308527591289,0.0019641212180343806
0.0008731094530358251,0.0014077476165306486
0.0008300871717686154,0.0011387984881344804
0.0008368861717479095,0.0009092265261379765
0.0008150885390594509,0.001098721588332629
0.000852237234513054,0.0010479936812585202
0.0008205636798394089,0.0011410534314629593
0.0007945200244256025,0.0010327152819287681
0.0007825979143696156,0.0013012837516698601
