train,val
0.0009283823524606783,0.0013521924644360791
0.0008743812057399007,0.001222700375715742
0.0008139259029402919,0.0011119502785907362
0.0008135521644832366,0.0008281379792957107
0.0008029806408353374,0.0010587951541507997
0.0007894980532921192,0.0008875292793185596
0.0007899867592455663,0.000978330912556589
0.0007674384254336168,0.0008698428669980873
0.0007913511781102774,0.0012162354715513513
