train,val
0.0008868718226834857,0.0008578397499243156
0.0009091537570489541,0.0013647603711148574
0.0008589851877652884,0.0011383178589531749
0.0008752442000212039,0.001423204115698935
0.0008658150693511336,0.0010521079129611312
0.0008220775236388128,0.0010299773014194435
