train,val
0.0009262388105883832,0.001171572620598936
0.0008352412096455764,0.0008756517715252802
0.0008030885278608517,0.0007581973887320064
0.0007783074102185488,0.0007822494499342578
0.0007989499742695632,0.0008106916515733093
0.0007458165018843001,0.0008898072166674131
0.0007543492624203604,0.0009609452373045216
0.0007597798002096896,0.0009535767341555791
