train,val
0.0010552986695574462,0.0018975884335940278
0.0009151528903782161,0.0025342358995077527
0.000898435689221613,0.0018390406798697583
0.0008271858291104203,0.001773239855888771
0.0009349293198832678,0.001820858797978565
0.0008046063306841182,0.001984343482781039
0.0008570903442974755,0.0018011787673107807
0.0008734539860024024,0.0019326123944764216
0.0007871912116911859,0.0018742425194191073
