train,val
0.0009236227629716877,0.0012186876297876673
0.000831186863140657,0.0011874882014739976
0.0007982828738690508,0.0009339890815659513
0.0007855172124637093,0.0009673834939042218
0.0007867669243715018,0.0013590811750730947
0.0007770803278400871,0.0009540924695255557
0.000745239192597871,0.0014432340156045357
0.0008056941580797503,0.0012917811679680122
