train,val
0.0009369953756337797,0.0010261561365041416
0.0008236196374548365,0.0011067888614001364
0.000797159948303813,0.0008342997657947932
0.0008069687981595314,0.0008104681962201966
0.0007673243753360639,0.0008373290080512615
0.0007503720834250857,0.0007595932911499403
0.0007472767914062555,0.0009910554127786617
0.0007283206337429416,0.0008923939140552111
0.0007217032406796816,0.0009388327879967246
0.0007351580978728314,0.0009889812613711186
0.0007271929759988305,0.0011251871622236255
