train,val
0.001070587380862749,0.001394986665119692
0.0009404932507211412,0.0015549943965274303
0.0008637612728979666,0.0011054207411086599
0.000835242039022245,0.0014134134230462004
0.000816344668300158,0.0011178501980388517
0.0008486408373312537,0.0010344958209316246
0.000786937171039932,0.0011681629180805113
0.000828018745632635,0.0012689875315863243
0.0008211892639138668,0.0011932784258402009
0.000798797029383177,0.0012293146321690621
0.0008102321814641445,0.0011389525447683185
