train,val
0.0009715872356721228,0.0016757556679886513
0.0008149467666363829,0.001276335989263842
0.0008525867362585796,0.0011438415086635666
0.0007898471457804357,0.0011548662070040392
0.0007600227278802875,0.0012559951981211818
0.0007774938578421725,0.0007275074054791457
0.0007734094439725007,0.001111865289636538
0.0007291742738531063,0.0012301318060990633
0.0007579326286570316,0.0011026158647272966
0.0007611413299038713,0.0008921718375344185
0.00075143934371,0.0010001583244661286
