train,val
0.0009483943810006418,0.001747486554647246
0.0008491721689886497,0.0015933727470355626
0.0008357141433071438,0.0013360756160817615
0.0008047617762172564,0.0011700286257504318
0.0008033997560219163,0.0008799718280536044
0.0008014725558236673,0.0008911830434471885
0.000787184088927439,0.0010097947770958283
0.0007662499821409685,0.0011045941880501594
0.0007736940137874626,0.0010846828540761854
0.0007847630158803522,0.0011783167444581885
