train,val
0.0009776159405049268,0.001949625971397703
0.0008433072520873169,0.001694134703451177
0.0008141211647491591,0.0016780295175011838
0.0008281630978190041,0.0012578097769774769
0.0008164926764027725,0.001437406687750254
0.0007840413696525152,0.001080950439933165
0.0007813205640931881,0.0011585509520245533
0.0007633630158859185,0.0012032896136189243
0.0007569928405476286,0.0012980359038565216
0.0007513717689480143,0.0010969137365464121
0.0007385670710994101,0.0010885123252902726
