train,val
0.0010157438684292902,0.001623494249422465
0.0009085265044812511,0.0014547241424071513
0.0008731130061529508,0.0011818641335605252
0.0008831610820879678,0.0009057525643452592
0.0008423630927284323,0.0008134996387963772
0.0007939115709329295,0.0008732421346536854
0.0007955037561412763,0.0008298842134185595
0.0008001203271431348,0.0009865023883277725
0.0007601744918036973,0.0014477310379301211
0.0008436804705019717,0.001049909976409911
