train,val
0.001104600545358762,0.0011827664670544251
0.000923358312003667,0.0015079946379375037
0.000861246468638136,0.0012226305641516192
0.0008745400609741382,0.0009272133338965366
0.0008616765571432197,0.0007206657822291207
0.0007578797749620453,0.001116865950225255
0.0008553718853909777,0.0007855538463346935
0.0008121920891317022,0.0009762788288655035
0.0008287347442370725,0.0011626772484086391
0.0007831177777976396,0.0012004710822429295
