train,val
0.0009808095968578691,0.0016849049375528787
0.0008828564785026941,0.0014660875944750066
0.000842298415032512,0.0012467747018956466
0.0008258156557070811,0.0014087927042188623
0.000799363045309774,0.0010549136673145723
0.0007728668724612143,0.0011225015509919059
0.0007703935425196099,0.0011847847433783477
0.0007714332734986421,0.001122063501431357
0.0007583675585054328,0.0011872645707448899
0.0007564995196800561,0.0011167402347981384
