train,val
0.0009717277783787362,0.0018741513973421764
0.0008627580563160125,0.0013150404914315924
0.0008578616007508099,0.001504442963120808
0.0008204163597275857,0.0013744191540803492
0.0008445179402125442,0.0012230588414591278
0.0008282852388039648,0.0011211410622429438
0.0008274910039451404,0.001462695182508688
0.0008118316181143318,0.0011442162649473175
0.0008525689270525388,0.001589522228389698
0.0008111543813941027,0.0014236628176807146
0.0008038630462019122,0.0013890184815524213
