train,val
0.0009618021788549998,0.0015346104445192593
0.0008086036070968636,0.0009844648919290675
0.0008258002884052428,0.0011170325708394283
0.000789689587509065,0.0007962804040990781
0.0007892119489391061,0.0008723918603187398
0.0007483650821107621,0.001143882658811616
0.0007351372403580696,0.0010674481520736771
0.0007795114197608604,0.0009289141500455324
0.0007765333325892073,0.0010172622724423425
