train,val
0.0010314989679066024,0.0011113112226425928
0.000897360087982669,0.0014131775648590509
0.0008600189528167264,0.0010439034488857043
0.0008515272164266469,0.0008032763663618699
0.0008269213085741585,0.0006773338172057396
0.0008158551400994112,0.0007730124477337042
0.0007982204939641111,0.0009500979249423835
0.0007932530839758334,0.0009702796480313003
0.0007729478123167668,0.0011181325573751707
0.0007486194625196911,0.0015050073204281899
