train,val
0.0009673447957402323,0.0017299434996430245
0.0008946784387030443,0.0015375110160675831
0.0009054006796915175,0.001427757214240769
0.0008937232243963419,0.0011945870700215146
0.0008521564661935047,0.0013996547686145782
0.0008522271166527987,0.0012230772186214095
0.0008383319745944418,0.001258180252134699
0.0008300537266296562,0.0012229962379802074
0.0008115094584114318,0.001281784995724987
