train,val
0.0009316956085036487,0.0013386086593746736
0.0008163605409410795,0.0010853488080123585
0.0008516131767065928,0.001035405662337161
0.0008431374353731426,0.001295002825356212
0.0007905121510375138,0.0008590945240523223
0.0007751506831777373,0.0009102525191447496
0.0007780976527071258,0.0009017527509387443
0.0007488349940551863,0.0010321809919573808
0.0007507324135704667,0.0009938286960727034
0.0007698291311627274,0.001030683032772083
