train,val
0.0008788763358977091,0.0014251858200765698
0.000833259361843648,0.0010636120523376592
0.0008119454333492168,0.000984639770397636
0.00079639888918428,0.001146407497426809
0.0007968942950779334,0.0012499607302787073
0.0007938815771769288,0.0011074179019049618
0.0007703472089403064,0.0011850042078932971
0.0007357191762075836,0.0010717036784626544
