train,val
0.0009000755378927259,0.0015907831022274647
0.0007782712500584266,0.0015173654953166507
0.0008326529455011773,0.0011551366270034496
0.0007916830604549281,0.001193912934051849
0.0007976525008858958,0.0013255484327491574
0.0008106520336032436,0.0009644299594605487
0.0007672558908657142,0.0010220863751531299
0.0008080605232182508,0.0011296308973203805
0.0007849486163494319,0.0011988058870346903
0.0007894645046381502,0.0010518626992293376
0.0007740414664301359,0.0014715301133629147
