train,val
0.0009000155020294597,0.0011610552818999704
0.0008281543873002055,0.001082860236796894
0.0008039906396180035,0.0013096389881088342
0.0008068745800150585,0.0008431689800846767
0.0008080405579019599,0.0012265526323292772
0.0008070376661014817,0.0011816990790099358
0.0007557607165213624,0.0008863170036617583
0.0007679585099936559,0.0009478022980640315
0.0007447249114981393,0.0009706542404306805
