train,val
0.000916286505192109,0.0012661847455114272
0.0007862228929901597,0.0012534322613427353
0.000801813540831019,0.001108925430574356
0.000783725894089494,0.0011127255520368196
0.0007536113989191892,0.0009534629820972255
0.0007376516994137357,0.0009556861943389984
0.0007360660297325711,0.0010473262123726393
0.00072837079625407,0.0010229783256144433
0.0007092235482074981,0.001045221052937636
0.0007144485075555208,0.0011687575118131978
