train,val
0.0011782356136517407,0.002319749613889144
0.0010240360271677948,0.0024344404348084934
0.0009649251424418187,0.0022649092010397
0.0009561399124487,0.002614229926257394
0.0009909920159792906,0.0026854005513087032
0.0009119778854705124,0.0017767685110811726
0.0009151169846496399,0.0021198390106292207
0.000983340200847639,0.0019499467241985257
0.0009096796995699294,0.002315353339872672
0.0009191833339052636,0.0021214958891505376
0.0009417689651887617,0.002211502759018913
