train,val
0.001054205110919171,0.0023647592594448746
0.0009032724841849007,0.0018334153295194461
0.0008347801060383292,0.0013765802440206878
0.0008419910209395366,0.0013345852724791236
0.0008667100061371981,0.002098839139882812
0.0008578837569894768,0.0011528261432442422
0.0008263951032432971,0.001463646507479744
0.000809561763025931,0.0014799933772567794
0.0008337537362528672,0.0018319569517408095
0.0008221074010559658,0.0017535875163760587
0.0008300678995450593,0.0012572941896982536
