train,val
0.0008881635539653937,0.0017833199469861007
0.0008287237828552455,0.001700390290884903
0.0008117235201788423,0.0016634564849593472
0.0007619664973181975,0.001267634628542199
0.0007751798666723483,0.0014582850287807537
0.0007721959624802136,0.001335172839434363
0.0008107410238931535,0.0015154620256309012
0.0007661706626895027,0.00146195042818762
0.0007834335758369812,0.0013877805294014696
