train,val
0.0009099265549298867,0.0012997315207907245
0.0008319599178553522,0.0012225355789575905
0.0008019344071980667,0.0010846776292811524
0.0007806016333739131,0.0010754862431489726
0.0007767049657515556,0.0009518315813233108
0.0007715118339924096,0.0008770132793300485
0.0007434216169123239,0.0009663566019934292
0.0007345787027012526,0.0009339215283977086
0.0007161057262098299,0.0009424537219526527
0.0007346951559992629,0.0010050615704361018
0.0007338062326774556,0.0010002331945137683
