train,val
0.0011007258081206048,0.0021612003913039834
0.0009530489794607287,0.0020628466236522367
0.0008843481387002598,0.0023000218566212208
0.0008858911654266056,0.0014303753006795186
0.000826889641161713,0.0009353460289232141
0.000883884659915934,0.0016032106218353216
0.0007782902027751173,0.0013513914623272504
0.000857604550096828,0.0015404041299346767
0.0008283449262350111,0.0015481259203614128
0.0008416221457985106,0.001550279394762923
