train,val
0.0010756477858148126,0.0028696828995163678
0.0009517301964082948,0.0023296847834296704
0.0009102617367943139,0.0023105620369399302
0.0009261726772137308,0.0013557580781466585
0.0009329727315186599,0.0016116121584333547
0.0008954976574004449,0.001475729993249974
0.0008624124900896211,0.0017553625042067774
0.0008973855180690541,0.0015316475107382242
0.0008141916271818667,0.0015739363475130446
