train,val
0.0008852997135878708,0.0017893186361506218
0.000830431687556637,0.0012531457610837206
0.0008231668802488774,0.0011389152048916623
0.0007801540498978986,0.001372929309670836
0.0008049675902017393,0.0012402220759767948
0.0008069296014823576,0.0011682513549003933
0.000797974988927308,0.0012386424236976337
0.0007938495239515366,0.0013874373114781409
