train,val
0.0008832932654097175,0.0012552160130836433
0.0008233579221805814,0.0012309232963782894
0.0007981841866141228,0.001192271204029278
0.0007850797603760477,0.001145260918902506
0.0007980441647491552,0.0012638419951743831
0.0007587838624192911,0.0012429943350825187
0.0007647665248244386,0.0013876295259517685
0.0007758327176443674,0.0013131936259635883
0.0007386306065802865,0.0013962912276705227
