train,val
0.0009423700587260439,0.001326266607635722
0.0008355972058042598,0.0013353014270163488
0.0008222110584722725,0.0012287446046114832
0.0008101764328798723,0.0010769546109269913
0.0008150033987017647,0.0009006337230781048
0.0007690420241340542,0.0010111224706984597
0.0007619171605687801,0.0012305028943824638
0.0008050043172599883,0.0010201167576477852
0.0007692660115558816,0.0009601420560902186
0.0007707918263555918,0.00103383025691665
