train,val
0.0009667512127585675,0.0016378637654664758
0.0008383013332509012,0.001521256569799608
0.0008059104720787191,0.0014580639561530236
0.0008359991072222339,0.0012812945285723657
0.0007948378441759522,0.0014125376387326754
0.000810219592825309,0.0010095403139782418
0.0007584829752028834,0.0010545206989416942
0.0007648035151905023,0.0011354778110118393
0.0007300964815247742,0.0011699880114426915
0.0007529566421774555,0.0011029779524100575
0.0007628299470814744,0.00101095027696511
