train,val
0.0011664160152477217,0.0014852265017271933
0.0009515879400464962,0.0013481593586582303
0.0008982947163277585,0.0014692735115324949
0.0008932136474459389,0.0016207157039674033
0.0008386793488655015,0.001337255851094925
0.0008896231232232265,0.001411072031062879
0.0008415598383291071,0.0014356027467909876
0.000811351893339204,0.0016968728724975105
0.0007682991573916922,0.0016296725153519087
0.0008463328972559328,0.001409046271435793
