train,val
0.0013489339127597513,0.002786440346581668
0.0011289843688103585,0.0020297381925047375
0.000989774601019958,0.00145628501301938
0.0009390049233196948,0.001278438562777166
0.000922964147200646,0.001376186469825348
0.000944684190351354,0.0015677498758588804
0.0008313946860236837,0.002454003324823045
0.0008604247836024937,0.001285747621384472
0.0008392365926267237,0.0014847133141124575
