train,val
0.001088883904886389,0.0018280465322397985
0.0008938581363495345,0.0014086147423559927
0.0008906637355746195,0.0017967459230733888
0.0008520940058965074,0.0011913149560368985
0.0008319741566394752,0.0010661701044446968
0.0008312700722392485,0.0011910764863726849
0.0008035782990797694,0.0013140927595563278
0.0008039219813329513,0.001184915127960705
0.0007626064298410956,0.0011092121431467976
0.0007501172587919766,0.0010950935533817602
