train,val
0.0009811387645388906,0.0017859534333494107
0.0008548992535227637,0.0014195254572281024
0.0008313191525325325,0.0011598161569364915
0.0008337750176555763,0.0013184801486559304
0.0008049369593789883,0.0012066066754902371
0.0007943097371792986,0.0011467094605550079
0.0008063133731608894,0.0013229611014561138
0.0007994033387959977,0.0012551723261045792
0.0007961544692003065,0.0012833116492313311
0.0007511696368570724,0.0012152292254585318
0.000766315584555796,0.0011960322054375598
