train,val
0.0010132098259528432,0.0027443226682385656
0.000866331064396244,0.0016989086438027189
0.0008796282791081467,0.0014077972439004154
0.0008189662099890067,0.0014316211568146217
0.0008038904306228786,0.0017306196124281551
0.0008813376871220969,0.0015096258799397817
0.0007860114211183257,0.0014158664469993332
0.0008161017488868288,0.0015069269568080128
