train,val
0.0009613991078900277,0.0014350104446890898
0.0008431353608368947,0.0011540405742500779
0.0008388977770406396,0.0012549643534258798
0.0008248838236861113,0.001325104383411884
0.0007729481303582557,0.001003363256515228
0.000790134661150381,0.0010782945644962868
0.0007531446055260609,0.0011531312260755718
0.000760532266006087,0.0012752530266485578
0.0007399893236641208,0.0013756901308044185
0.0007766392426600686,0.0011096180083352163
