train,val
0.0010155099957204743,0.0018295895102074795
0.0008529042167753903,0.0011037936537941716
0.0008359041786171438,0.0011267545094772477
0.0007939211741427312,0.0015706000197398286
0.0007990629143820912,0.001303150509315801
0.0008108932491489435,0.0014994392662059449
0.0008183756257598465,0.0014394781577151202
