train,val
0.0015094547849353642,0.003179800565348847
0.001260491247577817,0.0024534131829923576
0.0011054772048408772,0.0022154608382928616
0.0009621581404578784,0.002018290392631415
0.000886964333316077,0.0015935443963560208
0.0008873670292277564,0.0016955868866317338
0.0009110121884778968,0.0016288548536178451
0.0009214138448201029,0.0019088626673115735
0.0008907178302777824,0.002205517354546251
0.0009015865076128331,0.0018467987907437107
