train,val
0.001003418450840866,0.0013583185690363444
0.0009092376401559872,0.001276478050878876
0.0008699756282266586,0.0010152668607468032
0.0008403259140763346,0.001250821817420838
0.0008756383208137954,0.0010872268985950945
0.0008095056181639751,0.0011383405264101625
0.0007947979313287404,0.0013071422855231152
0.0008033750469997398,0.0010736537607450175
