train,val
0.0010873600112126104,0.0021756464059335596
0.0008734440015367918,0.001512223217532555
0.0008143608565715167,0.0012595621833552506
0.0008072299173686,0.0012524600823813803
0.0008314302236481904,0.0014355245326135128
0.0007907686966571926,0.0012844390081906557
0.0007939518550288071,0.0014096305937736284
0.0007802922688740097,0.0012807287144297958
0.0008115529359016178,0.001447305901951566
