train,val
0.0010545096872181558,0.0021705350841440987
0.0008928939211278725,0.0016334205109870244
0.0008496065512486258,0.001906098920366409
0.0008327820515189094,0.0016537414460511106
0.0008262943866688454,0.0011019135513712038
0.0008261056030453594,0.0014175021298309198
0.0008015522400280341,0.0013350932326497192
0.0008140481612092819,0.0013432104428719002
0.0007840852940059548,0.0011968001909270064
0.0008013629177426137,0.0012576491806213176
