train,val
0.0013874872948921395,0.0019631171744549647
0.0009597862415498763,0.0026441593787700206
0.0007492524190680839,0.0007774777787054485
0.0009103769376761275,0.0032500825562522782
0.0007623025300073333,0.0028322809957899153
0.0008352031073544284,0.0015661092754698876
0.000626977946446552,0.001071555151556603
0.0007628060077163095,0.0022782866851109676
