train,val
0.0009133348776531721,0.0005954585432451736
0.0006697479439736326,0.000698303796525579
0.0005676987478253139,0.0005798154251384534
0.0005792598114851273,0.0007800235511547134
0.0006083742238867697,0.00034201822263530194
0.0005330371211619002,0.0005955960382106055
0.0005661545991459933,0.00043639103952670434
0.0005249169343591752,0.0004284223798905774
0.0005190808912914065,0.0003886477355968876
0.0005167240927797715,0.0004085571349331799
