train,val
0.0030876653301280628,0.0037761883111670615
0.0019426837755757782,0.0021812300954479726
0.001242233743722458,0.001364502587239258
0.000991875664879784,0.0015021558612716035
0.0008962059035469113,0.0017174322919345287
0.0009213219072989887,0.0011192938693056931
0.0008257751581488747,0.0015555842013327491
0.0008626375066857022,0.0012962807662916021
0.0008050080046617161,0.0011794102707426645
0.0007638137516090842,0.0012758225480865803
0.0007511248328469319,0.0011432761828473303
