train,val
0.0010317312688802067,0.001152789528390143
0.0007480069269125099,0.0006415981849704074
0.0006594296549586282,0.0004935660332544596
0.0005430561773100526,0.000393751717041026
0.00050621941391369,0.0003568877260608659
0.000530920240150378,0.0003860587269967704
0.0005019005087227264,0.0004755594359431346
0.0005077625691591856,0.0006375747304216009
0.0004637832804399858,0.0004126352815733134
0.0005108949189575155,0.00037162835917159274
