train,val
0.0019534964960801152,0.0024119763105970257
0.0014398070900636223,0.0029199654590590938
0.0013508527258978007,0.0011652549146674573
0.001145462954760611,0.002814574585105461
0.0012855844709331716,0.002916557613575441
0.0011926692175937522,0.001377683118071985
0.0011362786082810981,0.0018386372440183923
0.001120375424526848,0.0013789186708321262
