train,val
0.0026981335385605773,0.0014297427896519544
0.001585003866672108,0.0029190067780735084
0.0012396349012163566,0.0015576021030982502
0.001207556600465649,0.0018017978530601461
0.00110156948472562,0.0016019186379441924
0.00104973540491772,0.0019818466756011577
