train,val
0.0008116416444574208,0.0012210742302706794
0.0007220322307390021,0.0012454765089595563
0.0006841678621346024,0.0008081555124152212
0.0006321185271276221,0.0006760631186719924
0.0006607687246526223,0.00038900718924328047
0.0006344959202857632,0.000563245591113529
0.0006128019449946991,0.0005363842979077382
0.0005586181110430316,0.000468781901582336
0.0005905237081072221,0.00045126911567400295
0.0005074553712811858,0.0005780897034084598
