train,val
0.0007193582489731932,0.0007071964569094924
0.000632819879419817,0.0008832923305313473
0.000537354334811034,0.0004787824881784316
0.0005033141379182938,0.0005191113537130807
0.0005214941257262113,0.0005523289898289466
0.000503933824718998,0.0004935550070118793
0.0004778902079950213,0.0005012932001426886
0.0004915161595853516,0.0005464768967295278
