train,val
0.0012908662537574037,0.0017176204116794798
0.0008647176799389275,0.0016134921524460506
0.0007875903019812103,0.0009612739871165586
0.0006849828336375243,0.0009004703147348412
0.0007182346755619185,0.0006961951107933348
0.0007073057099632906,0.0004930329079184322
0.0006619400830579372,0.0005370193121710046
0.0005561471203942598,0.0006732881882994825
0.0006571585311251185,0.0005403577593079465
0.0006389125559611888,0.0006134762774615728
0.000570669578189916,0.0006314474607695803
