train,val
0.0007075802173248881,0.0006309082231031842
0.0006224051120992997,0.0005406058167283342
0.000614507698079071,0.0009884904517882633
0.0005530289220105274,0.0003834127058884822
0.0005461235918156017,0.000688248647309658
0.0005710898456287516,0.0006900585643939761
0.0005614985499784413,0.0005358984801796943
0.0005111796632018817,0.0005899388269130849
0.0004977732158794857,0.00039018261947811804
