train,val
0.0015952547295104938,0.002170140913931835
0.0012711986814957275,0.0017330252956570603
0.0012083081211536212,0.0014605702540947964
0.00117598028027057,0.0016766512951396247
0.0011430600855759161,0.0020406592023990504
0.0010040140174191125,0.0008425939213782662
0.0008976025709594672,0.0010535325933100155
0.0009973243343128742,0.00099440786723834
0.0009400661879062025,0.0008868539119181904
0.0009660176215603939,0.0012040248652849142
0.001090959627946582,0.0012194706462806363
