train,val
0.0009265347837374595,0.0008217895653056568
0.0007080303687273356,0.0008677627825730828
0.0006397988337322442,0.0004530089443023716
0.0005702330371449378,0.0005208474265885573
0.0006009587404118032,0.0005602464856324277
0.000503152614008876,0.0005494295973144893
0.0005482346613975609,0.0004816274100361274
0.0005707021196781921,0.00046138939051818754
