train,val
0.001358261304472604,0.00158270662352853
0.0008973071826731357,0.0007315763358779936
0.0008623694237920953,0.0009728555788646497
0.0007661660515158919,0.00039665893402058595
0.0008187971207799701,0.0006756659640595022
0.0006610106975704757,0.0005326715790395238
0.0007780390964693947,0.0007059182013349582
0.0006671628785439494,0.0008536500942671366
0.0006169597294987883,0.0007032994959357543
