train,val
0.0017382996698643866,0.0016747766694387824
0.0013195028358503813,0.001358071215000531
0.001063215497869113,0.0015446289643839546
0.0010455717761128748,0.001771634253403256
0.0009601006489022469,0.0009894400478865958
0.000961055901893883,0.0016889799270022896
0.0009139568419932921,0.0014494799220575445
0.0009289933096889664,0.0013219278495294514
0.0008729085542102797,0.0017572784739727412
0.0009696277261396104,0.001965489307972841
