train,val
0.0009493237453444822,0.0010069200320796837
0.0006670984987878516,0.001100000416843658
0.0006682051133004762,0.0005820180884301208
0.0006573491782683597,0.0003722428698050108
0.0006095975609405943,0.0006415857305244838
0.0006530634468124691,0.0005048740173018504
0.0006125173537088539,0.0005733519575165346
0.0005827291873596419,0.00048098957977788637
0.0005704853741895844,0.0006074959670602367
