train,val
0.0007459261623773744,0.0006254252818167975
0.0005990047455811194,0.0004336495445956194
0.0006300666354645877,0.0009827905064576702
0.0005451152881308175,0.0006486935908031294
0.000533345047537462,0.0009594973312835146
0.0005588881770050904,0.00048459587508999444
0.0005500513708874838,0.000745982155422098
