train,val
0.0008855334851181522,0.001520877111055685
0.0006663507738507399,0.0012519593369085986
0.0005781647271101167,0.0005497650125830824
0.0005452287780999227,0.0004833826595635598
0.0005752429103391871,0.001059727927358507
0.0005563024611975506,0.0005052371201687843
0.0005389384792774211,0.0006400054072696822
0.0005587114642823734,0.0005179296446062452
0.0005069285574026862,0.000748515414100888
