train,val
0.0016357132965292673,0.001170155338656174
0.0009479467641537664,0.0010362398966701374
0.0008380955787793533,0.0007957942232744507
0.0007435060612994864,0.0005042751583613312
0.0007709562924920666,0.0008117621305848526
0.0006799393609768018,0.0005971419265832477
0.0006114878795950597,0.0006699195490723633
0.0006067960823650076,0.0005446777496075241
0.0007854547580796867,0.000706861627180163
