train,val
0.0007437140854821776,0.0005554483462997652
0.0006365641508703187,0.00044310712551616385
0.0006619773525251613,0.000647317475549167
0.0005462198710539287,0.0006311696781201782
0.0006058984276605934,0.0004871852643355599
0.0005727224464415709,0.00045526049128177446
0.0005910206232315438,0.0007355909586196109
