train,val
0.002377665501166099,0.0028905781888170167
0.0013351174842332017,0.0012679384788498282
0.0008427735780739557,0.0008611224583546573
0.0007231269735120257,0.0008289526056614704
0.0007666708821949237,0.0006429667138945661
0.0007358625712350406,0.0008648598004583619
0.0006958574088906949,0.0006621113006985979
0.0006693512520311732,0.0006914145731570897
0.0006278289560740008,0.0007112583673006157
0.0006086802862786915,0.0007164283310885367
