train,val
0.0009153225449459417,0.0012593952961180482
0.0006149954517266211,0.0006138970012512164
0.0008021496014332608,0.003401665011277869
0.0006530241384002059,0.0008533557569732573
0.0005966372409302644,0.0011570606820567768
0.0005759073746365017,0.0009824406468900832
0.0006706013113052305,0.0015838946459531056
