train,val
0.0011535645145696973,0.001128768920281515
0.0007852323055612669,0.0006206917045544167
0.0006941802717210794,0.0008617427037421864
0.0006598663776157691,0.0009144151467862904
0.000625228594696989,0.0010170050686501343
0.0006000437990999537,0.0009805402715175155
0.0005421975915209527,0.0007776881116005386
