train,val
0.0011605320634046755,0.0015893179785019906
0.0008622581060314016,0.0008388354508278131
0.0007443445130091392,0.0005649698114759676
0.0007769473846637502,0.000675468357444351
0.0007134293249912734,0.0006186977197136133
0.0007045672701529686,0.0011768576919002295
0.0007869425602078353,0.0006965530180412272
0.0007040374913432869,0.0008139893701897004
