train,val
0.0009546376809141847,0.0008255969009348836
0.0007110545493955926,0.0006301604521632473
0.0007223375959354549,0.0007099487289911871
0.0006995804716306689,0.0014148071056615116
0.0008187657867865724,0.0020699799564002216
0.0006848456306584509,0.0007743783800767879
0.0007025373361770683,0.0015936207923859691
