train,val
0.0010019354330686465,0.0011552526841292203
0.0007848290686480874,0.0006391633110846359
0.0006206630804933728,0.0005206637625833093
0.0006885040823483478,0.0009321995938790212
0.0005857429201919824,0.000877772762822399
0.0005712592609521073,0.0008823814061498724
0.0005082055742648839,0.0006364363945267098
0.0004989777426528169,0.0005886755210578884
