train,val
0.001411522643995515,0.001459102239057603
0.0008106925465346796,0.0009083425398642588
0.0009322414695154768,0.0020522419991797812
0.0007152688322234011,0.0008781454715895655
0.0007836670861709539,0.0009762606677027343
0.0007075862623599909,0.0004926401507292618
0.0007725903988147182,0.001204942609788359
0.000739252743253767,0.0008576246853255112
0.0006040063798223997,0.0005490164250648333
0.0005905450483925808,0.0006042144063666269
0.0006055206860659731,0.0007999778816550802
