train,val
0.002824507743695846,0.0019075647607503224
0.0013827754050539257,0.0009225734101635746
0.0009477779589641895,0.0010809972911418474
0.0007610890057281454,0.0008890615245803359
0.0007288815044206616,0.0003947803092247692
0.0008737806692724835,0.0009712878549158544
0.0006401283750962535,0.0007079887432100585
0.0006905372103721822,0.0007908726282433904
0.0006411613832494037,0.0006620308130802286
0.0007072114938913095,0.0009503427247335525
