train,val
0.0029648307417152087,0.0033684752437161147
0.001470671321659397,0.0010934054500866318
0.0009040206856155577,0.0012897009431005089
0.0008027316166809181,0.0008966813475570056
0.0008558369524441978,0.0012428023362256837
0.0007628610630753571,0.0007686305121396577
0.0007571406919511451,0.0009098756395027655
0.0008508520922275118,0.0008443680956743931
0.0007669024733561866,0.0009500196241921313
0.0007683633442844352,0.0017569553456269205
0.0006728321479977787,0.0013924619259608046
