train,val
0.0014324079115016633,0.0014089823895798862
0.0008304463763793807,0.0007228815468160207
0.0008065574054596907,0.0007692589323300762
0.0006360215667292643,0.00036077594464279766
0.0006399758926586168,0.000667827983405399
0.0008361204488002633,0.000900112381560871
0.0006427158204332245,0.0006823069929686678
0.0006231499045751916,0.0007207389662872596
0.0005255088384996538,0.0007922108445024813
