train,val
0.0009093684329797071,0.0018308534232697223
0.0005782338917973196,0.000552279152697042
0.0006516308372711832,0.0041787707688021635
0.0006564764854664955,0.0029161434305593962
0.0005557998139546912,0.0010562453673672455
0.000662844049329742,0.002021474372876506
0.0005424306036736649,0.0006740589440333536
