train,val
0.0021038666549079116,0.0020502377330558373
0.0009976002337384396,0.0014008626691065728
0.0012335530214424733,0.0028415823937393723
0.0010610559879148558,0.001572397197014652
0.0010226872100795308,0.001420326656079851
0.0008397281366868186,0.0014699609979288652
0.0008417074826296352,0.00141252785542747
