train,val
0.0013703810398772737,0.001528168550220175
0.000960330249490489,0.0015856464493722397
0.0006418831238710203,0.0003260582746362895
0.00063260785901212,0.0009490315874628947
0.0006507187520299056,0.0005877901053446042
0.0005317459425344526,0.0007539042216117798
0.0005418360430568911,0.0005416432408288441
0.0006763575007513369,0.0007414527155714199
