train,val
0.001421489676507994,0.0012707360940375253
0.0010273812278420984,0.0011691045335052866
0.0009320294069843007,0.000629421006814515
0.0010811740575080693,0.001701101387836213
0.0008599492256379434,0.0007168012668542754
0.0008855083516911483,0.0011961778238116264
0.0007819679494650563,0.001010579485355046
0.0006795252416145764,0.0009002463202376524
