train,val
0.0008910230608498941,0.0008105661887132456
0.0006639353840795478,0.0007647797697848228
0.0006111951536902987,0.0007404175069616513
0.0006517273189755113,0.0007582082474851105
0.0006754276029384088,0.00043034901377777933
0.0005921745101391667,0.0002780994642658281
0.0005243317055178782,0.00040480976105689216
0.0005685023811729643,0.0006147056000624715
0.000537338931394174,0.00042367655036484273
0.0004892184994634437,0.0004622647074500557
0.0005018670930448033,0.0005488276660634508
