train,val
0.0017592093784818037,0.0017388565329493288
0.0011821599466103991,0.001484822441020094
0.0010042095123067197,0.0011691388100594652
0.0010316907099312065,0.0013707183075149008
0.0008936130101514149,0.0008488302530869154
0.00081198848006666,0.0006570305162839135
0.0008638954041976809,0.0010838412695248045
0.0008569914738358306,0.0007777566971931977
0.0007724183841709455,0.0008870863986162312
0.0007535029118982449,0.0008951235865084987
0.0007471465080518603,0.0008295568474848945
