train,val
0.000863405453558847,0.0014234887871625468
0.0006537737831347423,0.0011554893519286156
0.000588526279328733,0.0003995684956884449
0.0006567681534928541,0.0011592414882752892
0.0006248791655475658,0.0008909316114014988
0.0006060239242345204,0.0006346873195081615
0.000598726592583987,0.00048173616537442067
0.0005814863310466177,0.0007420813388482904
