train,val
0.0027265641072175524,0.003633091110330782
0.0014269452376101544,0.0018337892900720373
0.0012271791133482478,0.0016397597871646104
0.0010190272178089127,0.0016195198862253865
0.001005790063208314,0.0012979084124171677
0.0008744397285963769,0.0006167900326063208
0.0008523775232636884,0.0008022931845198947
0.00067225735728033,0.0012177173866090804
0.000702718326913662,0.0009065266382335776
0.0007075308916274527,0.000633373372139946
0.0006817812660259236,0.0010784889664082365
