train,val
0.0015698680461289703,0.001573077320283272
0.0010542807873397313,0.0018808204867790587
0.0010198319613264571,0.0018171413279429018
0.0008598094903564461,0.0010564209054769803
0.0007516135587897983,0.0010027466317526898
0.0006276569432080228,0.00045208290767808956
0.0006920249337349355,0.001393311526471625
0.000628721721789127,0.000503147374647268
0.0006128552870313661,0.0007951032062503299
0.0005416398304469276,0.0009956711927694107
0.0006440891753571849,0.0010284456915849068
