train,val
0.0007528106357162944,0.001392078598458404
0.0005980409633875724,0.0009972391436097398
0.0005571093743675714,0.0005805461031664584
0.0005552025714334549,0.0006894150520752027
0.0005171216175105589,0.0005344128088376215
0.00045131318563579716,0.0003814179458842488
0.0005459073473162732,0.0005012632038897319
0.0005509965818303784,0.0006561111467269793
0.00047440205346798445,0.00040297688119279477
0.0005116824064552356,0.0005537845018664824
0.0004900345435030574,0.00042798625765433563
