train,val
0.0029640683715415734,0.0024850088624348192
0.0016661367049706128,0.0012308690030371815
0.0009879022777199312,0.001319947570905297
0.0008284306330796215,0.000630167114913235
0.0007658156821073228,0.0014597095263065036
0.0007245960142910491,0.0013130115253316254
0.000746597117625327,0.0009482920296217213
0.0006839118290080185,0.0009260667561264485
0.0006475520450190639,0.0006860692974441918
