train,val
0.0015076433293335332,0.001732882074613744
0.0012015529913636722,0.0010985400550858487
0.0010475046692044452,0.0009156368508130587
0.0010749767646933554,0.0006923120733506905
0.0009442914230600433,0.0010515886056876856
0.0009209660745707677,0.000792469799143216
0.0008337050604132492,0.0008402422429107134
0.0008190509710533792,0.0010117405750006802
0.0008364030597419457,0.0009297893515154047
