train,val
0.0017099027858180251,0.0011808646613644669
0.000978277158088553,0.0018176526711613406
0.001026105845523423,0.0008399316669965628
0.0008863431623730464,0.0010234944693365833
0.0008402181755879709,0.0014354072205605916
0.0007226101396258581,0.0010895782150328159
0.0008270872200140379,0.0008469095701002516
0.0008784730757012647,0.0008416390235652215
