train,val
0.0008362773958510686,0.0006393134507786261
0.0006515741507846447,0.0006433238500597009
0.0005886015880088766,0.00046187815743895
0.000672051296394285,0.00044158950958624326
0.0005780502825238845,0.0005988321711329153
0.0005800238824511358,0.0005011150774352935
0.000505374300217355,0.0005231103761441071
0.0006230363080257117,0.00060720807720049
0.0006171724704411903,0.0008432018512942168
