train,val
0.002268479716431431,0.001647699563181959
0.0011684445822998917,0.0019276993698440492
0.0014402396258205899,0.001164950631209649
0.0009494334011263613,0.0013310605034348554
0.0008449188439241759,0.001277686728280969
0.0009210820918894339,0.0013739707588683813
0.0009732853050520068,0.001413043076172471
0.0008872267720666476,0.0013799838998238556
