train,val
0.0020408119165325166,0.0013729798765114805
0.0013029621950244542,0.0016293576384380619
0.0011124236158489606,0.001308170994445568
0.0010029485873687862,0.0018426036537076893
0.0011161861301438164,0.0018345593198318966
0.0010264838434873621,0.0014522576024230548
0.0010446567784709764,0.0014828624275318495
0.0009447010779475965,0.0013736417741910837
