train,val
0.0013309580504520036,0.0020143561927266477
0.000945484317293102,0.001627748229955351
0.0008616556937944587,0.0012430234775206647
0.0006774316976150674,0.0006373733919305328
0.0005915797928697817,0.0007466455208678638
0.0005435167109409987,0.0011121697973823143
0.0006043911022920333,0.0009204827542871718
0.0005995677121792871,0.0008884574984123507
0.0005240037716707324,0.001307109470214626
