train,val
0.000980907481419393,0.000686043401456337
0.0006222046076950542,0.0004348438166294749
0.0005463615479410973,0.0004481500524768735
0.0005457739943842291,0.0004454345453816504
0.0005363998244981054,0.0005020389233279099
0.0005167552394268241,0.00046130556056157797
0.0005016287796885032,0.0004834620002214481
