train,val
0.0013411253039507741,0.001727152156085337
0.0010632629476306677,0.001111745220496451
0.0010382890462673124,0.0014212089288293901
0.0009378406193964356,0.0012056568551975855
0.0007531154936781217,0.0008900944379870836
0.0007572049619905723,0.000799409312116128
0.000691195828976588,0.0013928946750364772
0.0008831321166727723,0.0008107200781260729
0.0007233253882842146,0.0008781773017344896
0.0008139766077055446,0.0011370230596480999
0.00081452183097484,0.0009711218735901639
