train,val
0.001354119340887976,0.0008521463928391094
0.0008495098944584859,0.0010795958686608776
0.0007160723759923101,0.0004927694694688179
0.0006883261030425247,0.0006773086314346271
0.0007126553940355183,0.0004470434588552326
0.0007189977506706848,0.0007736655864512186
0.0006547065431131468,0.0005846925919231361
0.0006756737924846861,0.0005792971825655283
0.0005183593360592234,0.0004763818466806215
0.0006186094661525995,0.0006615033120813524
