train,val
0.003486620223255553,0.005359519761987031
0.002625778293695037,0.0029612633632496
0.0017486054455577073,0.0019465082630631513
0.0012347923306129727,0.0013167373030228192
0.0010677794604367612,0.0013731854673096678
0.0010965518324089964,0.0022315517762763193
0.0011342967163399003,0.0016151056035596412
0.0010668677418779915,0.0014698806604428682
0.0009010839686274573,0.0015819376025319799
