train,val
0.0016263743729051621,0.0017418031221243739
0.0009094538866850929,0.0009580289587169515
0.0009145290791602529,0.001187689487877318
0.0007347178394334984,0.001292984977697481
0.0007141286021035196,0.0015999016685596125
0.0006654591961842152,0.001336653379872499
0.0006749827682453854,0.0012072215118261891
