train,val
0.0015012276315750767,0.0010706775411097446
0.0009554371020506124,0.0008594292914672335
0.0008864130388455047,0.000987762613432296
0.0008187701095025605,0.0004812262534137628
0.0007578024417864115,0.0006200021272844624
0.0007307816663890126,0.0004887458160560416
0.0007526452039431216,0.0010169692926998634
0.0008009662892070619,0.0010279183957985568
0.0007559473526041064,0.001024641593353519
