train,val
0.0017531565338258696,0.002345046171174589
0.0010522438740801852,0.0013640120095948166
0.001011114112222995,0.0013929450076652645
0.0009890291885641495,0.0011655630674440322
0.0008528980533153216,0.001780913959586675
0.0009140252457720898,0.0010045726053138468
0.0009512953543144906,0.0016167034599475745
0.0008630634216519482,0.0010289752241167262
0.0007455639922654772,0.0010107995824399972
0.0008409391099800803,0.0010992586073215779
0.0007389514866990355,0.0011967727545330801
