train,val
0.001465051251934519,0.0014147651195946902
0.000968145324556396,0.0010723034713272825
0.0008205553790810734,0.0009616248747090183
0.0008321218761926508,0.0008122076734493985
0.000730530672289323,0.0007561237169842987
0.0006064549540630785,0.0008565279023574717
0.0006342509176273405,0.0010132761600475369
0.0005360774085184439,0.0008188234767285723
0.0005841373992153933,0.0009513609630488075
0.000555264253246089,0.0007979113143266155
