train,val
0.001034680027833593,0.000860245871804346
0.0006195655233615118,0.00100203888898951
0.0007134062057635352,0.0005344816573235594
0.0005512885694723944,0.0003455145134543579
0.000575811239042406,0.0007917926672760872
0.000544206862901479,0.0005066454379016523
0.0004913532608867996,0.00043702976324629523
0.0004972172708265178,0.00044784489469441407
0.0005353663356947584,0.0004570687613369342
