train,val
0.0014883097187634005,0.0017325170235589135
0.0011634149986839311,0.002507008751714041
0.0009345592176870852,0.0008401706612945768
0.0009493143080101812,0.0006672641340343714
0.0008434867359004533,0.0007649894125432797
0.0009198242108758385,0.0022539488728146252
0.0007970760791515652,0.0006694832065411639
0.0008682366905524524,0.0013483736055199386
0.0009046969041494096,0.0016839758369227287
