train,val
0.0010198329229412308,0.001423741346784427
0.0008645224110673819,0.0009448320557260241
0.0007876263044626744,0.0004940743735339738
0.0007745150627195709,0.0007417591742162049
0.0007888925420613477,0.0006910563393633431
0.0006213451534756092,0.0005124665227215821
0.0006279500914471513,0.0006664935464584002
0.0006304708655445028,0.0006536390039444262
