train,val
0.0014591628705821645,0.0020227181418548995
0.0009606217610550619,0.0019028252547907802
0.0008035171591878482,0.0003946951020646715
0.000850457608337995,0.0010748992971479666
0.0008193036189658667,0.0007235452448651081
0.0007408273315092399,0.0004967178647348192
0.0006770589959258753,0.0005784397107185569
0.0006965348380858868,0.0006919197602456268
