train,val
0.0015069263471473775,0.0017324691946570571
0.0010871190719295267,0.0018290936843833009
0.0012934186729928396,0.0008464509292573357
0.0010506419694220272,0.0008377945585117089
0.00112238357083381,0.0018509094814976104
0.0008832580670359526,0.0020349434816596904
0.0010613217230973728,0.0013539294483622603
0.0010172510868327025,0.0010734382939714912
0.0008481688629855534,0.0009329897618801011
