train,val
0.0010673812615264893,0.0028137742602524097
0.0009658951705083898,0.003122239651250322
0.0008305137120024147,0.0013070008166520771
0.0007880840629766646,0.002870098406532064
0.0007752050536587792,0.0020005870050862355
0.0006467360071878809,0.00044609270166089907
0.0007275633383501556,0.0012715372388164867
0.0007078658941915957,0.0005272195027050273
0.0009519665307678529,0.0015269869209845067
0.0006136700740014554,0.0005267876282911846
0.0006258425092704104,0.0007873556764167576
