train,val
0.0014939897207056616,0.0007586581763659404
0.0006532241271596429,0.0008205695515035663
0.0007004203802511414,0.0008548098698956453
0.0006938036358446921,0.0009089065315931227
0.0006117861678014471,0.0007543430320404159
0.0005635958384088523,0.00045774578288125984
0.000567745681686241,0.0006684068066643233
0.0005904319825314853,0.0005661009970673006
0.0006248625802916584,0.0006281123490455695
0.0005624647672614795,0.0005354049276923116
0.0006419052113212981,0.000542030268453422
