train,val
0.0009058698958617687,0.0007088180318642555
0.0006742647238511048,0.0007182067885100495
0.0006718578474633438,0.00045197465230437475
0.000632251445981167,0.0005932257329852774
0.0006072542245231583,0.0004760583439024066
0.0005823119964865643,0.0006236045038645262
0.0005760249105863621,0.0007074601160101918
0.0005783641642196251,0.0005743042154226275
