train,val
0.0007317973495391706,0.0004993716247110747
0.0006125821880550027,0.00045288864637813074
0.0006312108290078769,0.0005085008579488026
0.0005342700827271304,0.0004913242483758595
0.0005348612021133517,0.00039074289212826776
0.0005160938708888944,0.0004921749344403663
0.0005002289895877853,0.00043136306907754483
0.0005214335665734697,0.0004839582259414672
0.0004757710823567717,0.0004202444692853577
0.00048094388543483863,0.0004306781224951875
