train,val
0.0007917054173013603,0.000719852096175688
0.0005971960849942785,0.0004888551134994136
0.0006355777206474224,0.0004328889828070988
0.0005412766382879828,0.00030898180522350035
0.00048242349255299297,0.00034990880312104407
0.00048701334899906815,0.0003103056076407122
0.0005300597808103861,0.0003449834528137545
0.0004805736832602158,0.0005460262171430051
0.000506043516326701,0.0006354709297388088
