train,val
0.0010962573551733367,0.000718611324450046
0.0007034873973947737,0.0004793844383097035
0.0005790339152141811,0.0006728951338151222
0.0005853497338140589,0.0004893428946402364
0.0006138067501401442,0.0005886790389024143
0.0005528643392354498,0.00038893887512931105
0.0005198452660708328,0.0005862652008118058
0.0005815061180486895,0.0006432013781277529
0.0005529535397541436,0.0004413278535928357
0.0004971155571137341,0.0006835347306380765
0.0005057182927532824,0.000420805160293716
