train,val
0.0009135812226224102,0.0012288796856574412
0.000918185122400573,0.0017213160904960326
0.000776387830252008,0.0009421916815607615
0.0006778420982783004,0.0006711020252010076
0.0006945880866677244,0.0006039384107099473
0.0007222127793526731,0.0007570704133779299
0.0007054059083076317,0.000729896185289527
0.0005566385219659107,0.0009462509161132775
0.0006567013852352181,0.0007424837945931008
0.0006331240069021474,0.0008245881536022791
