train,val
0.0008084442187522895,0.001181558105205354
0.0006944518311782402,0.0007347460250238361
0.0006281177097307236,0.0003632264415336319
0.0006111138185213884,0.0005476860063256947
0.0005672888944479871,0.0005019017694449068
0.0006123343788502851,0.0007346346504503794
0.0005909238404043705,0.00038845642841598495
0.0005391713193657833,0.0005745331218897636
