train,val
0.0013798765821336995,0.002301127418432748
0.0009494485138601298,0.0027992871132815574
0.0008212738302370189,0.0014963937476461912
0.0006979632974993781,0.0014049935162780101
0.0006754920109798774,0.0011102278871609399
0.0006519143777994207,0.0004601959657653735
0.0005679256637066204,0.00051783207081604
0.0006371555512991305,0.0007108355981117489
0.000597227377111486,0.0005444596709134114
0.000522340661715923,0.0005104178664801222
0.0005088371780106808,0.0007124086193315877
