train,val
0.0010583432937152054,0.0011716995947378553
0.0008090278065947541,0.0006211760900474605
0.0008380650836801027,0.0013678067698054358
0.0008085889696137034,0.0008146484104430104
0.0006954149164473736,0.000897768371766896
0.0007289919732421687,0.0004990654896716138
0.0006000476097298062,0.0006615912184699197
0.0007233250276463501,0.0008551819456081293
0.0007076417814869683,0.0009232582600684892
0.0006359796654289023,0.0005809168351662671
0.0006791998394483535,0.000760702201616193
