train,val
0.0013433641065270928,0.00181574752424426
0.0008556888856696549,0.0013329104631448429
0.0007313666079341644,0.000978093075002151
0.0006922576314695027,0.0003689804450213083
0.000618094023624606,0.00041246944124669613
0.0006479512362183396,0.0004634208384429137
0.0006798321000026644,0.0010732216164413616
0.0005721390518846184,0.0006000282693800826
0.0005256061489888254,0.0006399909171480441
