train,val
0.0013629796566343123,0.0013453318271785975
0.000770033036078311,0.0011281645412964281
0.0007348476383741805,0.0013595754353445955
0.0006737724709100474,0.0007115743806934916
0.0005970761858297481,0.0009258605874492787
0.0006329556378867815,0.0009074424116988667
0.000649977983187685,0.0007459815526090097
0.0006383677751640439,0.0008320539498527068
0.0006376945689609498,0.0010958327053231186
