train,val
0.0008496651940698808,0.000981189122440566
0.0006187670741087185,0.0007286465896446849
0.0005844837546427731,0.0007720857297166864
0.0005577360412501888,0.0006363975344134904
0.0005473976317913973,0.0005648683723936812
0.0005279895962774456,0.000396244549448034
0.0005504646973930497,0.0006767034906150046
0.0004987712439846707,0.00044625259282084456
0.0004763404663317926,0.0004790322484218561
0.0005009273110706736,0.0004481552374583283
0.0004905849896149228,0.0004871783805755535
