train,val
0.0012918573547105179,0.0016146788514900885
0.0010449664981288928,0.0012357990164607792
0.0010407165944294344,0.001056792858194003
0.0009171919493152588,0.0008147114851607216
0.0008116810323110389,0.0006769735070838031
0.000831594478145773,0.000828321082045444
0.0009061342677516817,0.0014773265897710221
0.0009892946852915997,0.0008771313012468717
0.0008952319667630432,0.0009797170692566518
0.0008047265786849746,0.0007711586441002444
