train,val
0.0007511002104761048,0.0005541539036590643
0.00068021765731299,0.0014618831883564715
0.000610578774024094,0.0011112298464259842
0.0005402520441659862,0.0007202588601201963
0.0005787058436383098,0.0010376297955792917
0.0005334413528784233,0.0007339520293115414
