train,val
0.0013393792865626537,0.0008521555975993941
0.0010901601337360805,0.0009386047575894023
0.0009553603474754411,0.0007973836244267856
0.000842312280369022,0.0019449564521771636
0.0008520980846210266,0.0007057886387302866
0.0007647527123505812,0.0007874230398238616
0.0007679153422825551,0.0008343581410657182
0.000765938431575397,0.000884842039066639
0.00067735370632262,0.001229275418422895
0.0007342029621029362,0.0014259628897199004
