train,val
0.0010071773596638952,0.0011774820686915486
0.0007364924825936954,0.0004989692629515705
0.0006127261543250123,0.0003568597176291153
0.0005941789310233067,0.0004622325016180732
0.0005694722204426144,0.00038914070470368696
0.0005481086970177386,0.0005582148201850591
0.0005282054862086092,0.00037646447766067476
0.0005106204745217084,0.0003593676063805522
