train,val
0.0018959391351697366,0.0031779014745552557
0.001282895781941879,0.0021998974254529456
0.0012715766302812059,0.0018793835966789628
0.0011534334199353336,0.00197728373168502
0.0011518047436568971,0.0016118659659696277
0.0009644013836191608,0.0020847340121690648
0.0009712502470579074,0.0019934604497393593
0.0010588447739244284,0.0017166291421744973
0.0008774004368260868,0.0017337944715109187
0.0009702545311845452,0.001914470156771131
