train,val
0.0009994694007151826,0.0018167072614386302
0.0007596695765716581,0.0012888745691325531
0.0007267144224760114,0.0007145182736353326
0.000634293616674105,0.0006029633003622457
0.0006552141478591673,0.0004872163914027273
0.0006391815507521134,0.0005640696674535901
0.000652563904599913,0.0011535496650830314
0.0006532202487962649,0.000653462400378085
0.0005922603517383745,0.0007642289878254727
0.0005455188928975021,0.0004956316352474394
