train,val
0.001724715002976493,0.002286158692504066
0.0011846622505089926,0.0021356191035186178
0.0011663791285347717,0.0016215806101106602
0.0009686115550890632,0.0014399432532309767
0.0010023766934244413,0.0006671469913578539
0.0011731628179410115,0.0010273871607477118
0.0007553673429154312,0.0007619201078341575
0.0008024835112826202,0.0009588405541269668
0.0008756565660340064,0.0007620607031574501
0.0007806204365596175,0.0011032133746533852
