train,val
0.0012497721368512989,0.0035248567359163784
0.0011997293053914641,0.0030682428668324766
0.001104983287824815,0.0028145241992136175
0.0010806229299235453,0.003180821146368264
0.0010571880779585068,0.002873444145034927
0.0010382497239334043,0.0033909289452892085
0.000995592475471942,0.0033947776554179234
0.0009337275205325568,0.003243828810249957
