train,val
0.0010786709483115741,0.0027611165731706512
0.0009025489290763744,0.0023018920461394233
0.00090289299869102,0.002936675625348401
0.000925601648988233,0.002351785763983991
0.0009099501314164644,0.0018792284169579104
0.0008643426783036235,0.0018290257056343341
0.0008420199795711352,0.0023272672774160476
0.0008829921232419863,0.001935097529580022
0.0008643997008481217,0.0021546753701981148
0.000925829065262353,0.0022582987543361154
0.00081479481914543,0.0021352254587747245
