train,val
0.001003595175538189,0.0022695706038575736
0.0009251659122126144,0.0023884446850738292
0.0008618408469986277,0.0019208890586504333
0.0009096968117264536,0.002148253181635832
0.0008517493054781128,0.0015914648842786287
0.0008540962398495384,0.0018052986645915763
0.0008713627281316314,0.0020220042971022148
0.0008252805173841493,0.0016779191961667004
0.0008749986677127725,0.0021928413735412713
0.0008540598633277779,0.0018791034368545157
