train,val
0.0012009632763203206,0.004153413557035562
0.0011375771911424147,0.003907370479562535
0.0011733119233143113,0.003470462351218045
0.0011132358939413768,0.002906954151023036
0.0011017409912640757,0.0032956535293263956
0.0010232439236950506,0.0031848089666499826
0.0010841953274463706,0.0031174389089126354
0.0010090930465874127,0.0029325424536811905
0.001029514024944197,0.002973548461551008
