train,val
0.001030292295299572,0.0028575126746790583
0.0008883494243095724,0.001985181545985772
0.0008714001724482701,0.002060919595001346
0.000913809010026621,0.002030357198551568
0.0008783633819695944,0.0019248139133196673
0.00087662340259643,0.0017151073122057335
0.000843166450404344,0.0019891037649568508
0.0008586732394261476,0.0020338046123680007
0.0008692203689745471,0.002105041274629772
0.000864157718895014,0.0018076202510690985
0.000852092957493675,0.0022735048787930843
