train,val
0.0010748709148016972,0.003441350531200162
0.0009540490831822213,0.002700064355919424
0.0009027807881676171,0.0023818733976580775
0.0009219612690746824,0.002163570653815091
0.0009099273528363483,0.002602700963437271
0.0009356459371780637,0.002118051838736462
0.0008851657151948389,0.002471099710069561
0.0008752399988120138,0.0023925042142554256
0.0008511084361919949,0.0022989012333989823
0.0008661628612353175,0.0022134771094827624
0.0008533971641694594,0.0023044995205754484
