train,val
0.0010919792531030208,0.0022143422617003894
0.0009313190239831434,0.0020457335566998855
0.0008533618701431595,0.0021430896554542975
0.0008531511361630132,0.0020330909171137205
0.0008518178301528678,0.0016939807484539836
0.0008223048619653967,0.0018522469254094176
0.0008399566583928111,0.001727860439971734
0.0008239290525405243,0.0018430292548146099
0.000844030643537945,0.0019689239693084695
0.0008422085020006656,0.0017761541953055153
