train,val
0.0010230367205768445,0.001977348248111901
0.0008770769479795434,0.0017985538533939515
0.0008855427642577021,0.001844355892051051
0.0008670645707388321,0.0014024769671043312
0.0008593869344537302,0.0014698353868075524
0.0008423859920706619,0.0015911985978723701
0.0008590724161333926,0.001543770873030763
0.0008360494092397099,0.00161203020630952
0.0008528165546437299,0.0015783028174365216
