train,val
0.0010274961292417663,0.002354034713369821
0.0009101431234145052,0.0022991741975252247
0.0009190491118365921,0.0018796173939895548
0.0009104512078535593,0.0022730397704435745
0.0008636970386095737,0.0019239098444534019
0.0008671548664551665,0.0021842769221201218
0.0008892857419351247,0.002281350606538651
0.0008524876658646882,0.002022550043105954
