train,val
0.001061862381413112,0.00325113610205545
0.0009616365434025898,0.0022415833647336024
0.0009056726918438351,0.001823334381872253
0.0009060521045762634,0.002013988511792447
0.0008577999684671264,0.0019401044129643617
0.0008621048030404894,0.002552867073098661
0.0008705839805384621,0.0019044460895761754
0.0008612823765348013,0.0019600037477665376
