train,val
0.0012147582783654798,0.0027773133265327488
0.001023917721113321,0.002388245850677497
0.0009001778137539637,0.0022020196314630224
0.0008645875951655258,0.0019370569646595798
0.0008934213419706794,0.001738877372890084
0.0009029597667379746,0.001983345734865557
0.0009024107928500877,0.0018340919642259206
0.0008619038002017568,0.0018620354474198674
0.0008618578053231501,0.0018524670144520665
0.000895767793421188,0.0020677511849778686
