train,val
0.000987648321654842,0.0025431399534192258
0.0008898179010907533,0.002026912226168721
0.0009031291629987385,0.0021255402697743894
0.0008450139838446408,0.0014354203487108373
0.000856969537165959,0.0018951210798219948
0.000852870778469756,0.00206967343942429
0.0008543895763066396,0.001658482841251568
0.0008167476744816292,0.0017581210295597534
0.0008462192498177883,0.0020499284666864416
