train,val
0.0010544187027479231,0.00218134527319937
0.00088810405364227,0.0019921497230895443
0.0008913817032004186,0.001603140534117441
0.0008894809842583507,0.0015976956670923615
0.0009276633687756616,0.002008165139089285
0.0008905596033876265,0.001607944983823892
0.0008808044617471838,0.0019334809759269634
0.0008319863552498659,0.0016535854632855683
0.0008656489591909466,0.0018774152121155707
