train,val
0.001129068254543269,0.0034024777761750068
0.0009558974636678823,0.0027705356431117533
0.0009385180599416834,0.003156665935071382
0.0009420486977966483,0.0025570205739663485
0.0009232343882803644,0.0030691578157040146
0.0009143993395442662,0.0030382352530208523
0.0008868758278770026,0.002889469703054951
0.0008972980661540602,0.002769068547842415
0.0009183569227651298,0.003337930428992527
