train,val
0.0011851286393507496,0.003928188068339995
0.0010515872945514415,0.0030453346183863827
0.0009804599567534611,0.0023496774755795533
0.0009373472695957865,0.0019540034321695343
0.00088014150387782,0.002651892855563067
0.0009450906361796792,0.0026234810720080323
0.0008937336699965845,0.0024830978726151022
0.0009361249361890143,0.0021943236607827343
0.0009528270914031907,0.0021128979982537343
