train,val
0.0012976289104095974,0.0034108055568559882
0.0011518366346238579,0.0029533150322654713
0.0010105991385409231,0.002694196329684928
0.0009673307043053333,0.0023549654652015306
0.0009378282254864154,0.0026868113832628857
0.0009859932383208686,0.002386876559355117
0.0009452989592266301,0.002456931787981795
0.0009619995739434181,0.0027581692926245383
0.0009233473720262107,0.00237790365813103
