train,val
0.0012219017038061198,0.003779001583797463
0.0011114428957090293,0.003411310238544292
0.0010129783597086282,0.002695087763500991
0.000997004589030745,0.002989841649790693
0.001018858241737829,0.0027656492240496914
0.000993479079398823,0.003287385431646656
0.0009296796140286181,0.0032683475444977936
0.0009655439030047738,0.0031322992227405147
