train,val
0.0012149838011230084,0.004194318517245567
0.0011157140507538526,0.003285929903191013
0.001015133150212058,0.0034327045919221397
0.001017185025353648,0.0027676663471188825
0.0009831222415029445,0.003561116476283552
0.0009535643744391983,0.0034035436698244526
0.0009759649152600175,0.0029310098767522364
0.0009608960734619989,0.003057453208804453
0.0009432977614359026,0.003910827675449232
