train,val
0.0010960332755938398,0.0021737225359332183
0.0009660552858034386,0.001829376626101993
0.0008826890415105654,0.002153040596392832
0.0009271568754663547,0.0019747967254182606
0.0009110317705421152,0.002061831032029624
0.0009006629443527179,0.001954492279109078
0.0009006439774470423,0.0018606324523051836
