train,val
0.0013332387933972384,0.003325856056842615
0.0011349190127265712,0.0028415486494850484
0.001003285880555128,0.00236725685170733
0.0009259701557416869,0.001997731319324185
0.0009306346919751937,0.0025210223533437015
0.000907020598613319,0.002201976842255905
0.0008988685601707402,0.002002365183635937
0.0009050074591309217,0.0020774353042025515
0.000897052404315428,0.0025486987508954303
