train,val
0.0014213689809576653,0.0039030115361898565
0.001289949740706876,0.0035751912420472274
0.0011640037454036735,0.003046823461772874
0.0010651176573726563,0.0027473844977346463
0.0009661777001103753,0.0029568519524988146
0.0009434279044258941,0.002416910520248796
0.0009237424526243278,0.0026856420920991627
0.0009060896937416356,0.0025825435379654383
0.0009049718091074072,0.00276014710554871
0.0008882149183521576,0.0024439815063557876
0.0009224691089352396,0.0024234812260077046
