train,val
0.0010057553629919242,0.002635483096058194
0.0009282465099038115,0.0022266631310160915
0.0008764202506461935,0.0022178452759712506
0.0008590291110408543,0.0016890010195381294
0.0008663364286926131,0.0018147159207728691
0.0008376250989648235,0.002029234068266725
0.0008267778388725533,0.0018855018469576652
0.0008600786455347658,0.001708530958029979
0.0008276514760242348,0.0017812903494744275
