train,val
0.0010465507793422548,0.002881071630466837
0.0009399851399304387,0.0024721576179357586
0.000862133129278058,0.0021362639489290393
0.000858578717142984,0.002423739051454714
0.0008400035787463238,0.0017060924143292
0.0008373178089451692,0.0022483648502971986
0.0008764317517499867,0.002159020987304617
0.00086829565067,0.0017296112136346682
0.0008608232239209169,0.0018881794001292572
0.0008934175621848542,0.0017506323854552018
