train,val
0.0010276911536484846,0.0019183132274590137
0.0009221267519672828,0.0019898059948410753
0.0009044409517154796,0.001411152099465723
0.0008852591019006401,0.0018810990870861133
0.0008737764404531082,0.001859003112940627
0.0008443110548249098,0.0017132346571840501
0.0008333601526828716,0.0016088232743920973
0.0008297852702386557,0.0018391370030643045
