train,val
0.0011559012869934821,0.0034175972366308717
0.001001049661723003,0.004280236155479473
0.0010239976169193947,0.0032939466029102524
0.0009661927402712186,0.0034433849870083577
0.0009760130989480314,0.002786323099170519
0.0009179637417079133,0.0021320588478532113
0.0009188833853539353,0.002513546454381937
0.0009559642318635042,0.003314420273279841
0.0009242940687255003,0.00295809147246473
0.000895165609093213,0.002428370490249038
0.0011700856043148633,0.002501537044456479
