train,val
0.0012192419853555782,0.003319592791040822
0.0010249284734020246,0.0022345908767490005
0.0009604175806386523,0.002230171799265708
0.0008623411026746908,0.0021644581854791166
0.0008790099164763468,0.0017728290745603421
0.0009119436668553449,0.002345542532566469
0.0008987869474988377,0.002171710937266023
0.0008716945424680489,0.002395003025482695
0.000854722343512129,0.0025253049148327242
0.0008615034524662126,0.002455686090308098
