train,val
0.0009936598082731507,0.0029452601207035165
0.0009742509778071998,0.0023581608645774675
0.000891406476940714,0.0022101209128427748
0.0008974874993660146,0.0019248731830605091
0.0009516181497570659,0.0021904236782575026
0.0008885801331381607,0.00170679478805351
0.0008958697519443166,0.0018097332809142803
0.0009328338372475068,0.0019380218212833055
0.0008881982626051538,0.0017282507696318834
0.0009118526446408956,0.0019409751576649097
0.0008978527191105129,0.002038812880458024
