train,val
0.0012292778775251597,0.0029696514774024342
0.0009663003671362526,0.0023019216321988377
0.0009682404972389502,0.0021600561890409153
0.0009304497996237856,0.0013257275649826066
0.0009195021967381187,0.0020012889584764848
0.0008957595201183276,0.002036253243029653
0.0008886888713070387,0.002167357995758196
0.0008969363329586756,0.0018547559766156714
0.0008732048975745317,0.001603897784229083
