train,val
0.0010135966953485492,0.002059492599091055
0.0008887244978301221,0.00215903317124982
0.0008657089811176905,0.00188778885469149
0.000896353201675573,0.001739803549246342
0.0008375337683824787,0.0018169489988727387
0.0008450573808234962,0.0015861857087097282
0.0008433353214605596,0.0017236133396811336
0.0008351068743884035,0.0016435459644806262
0.0008382834982223988,0.0017947826293913329
0.0008244970173959787,0.0016806071238743942
0.0008418998406566603,0.0017031354676733967
