train,val
0.0010316170143734272,0.0025700158728865904
0.0009219407071867636,0.001907341636559487
0.0009085740457259397,0.0024525617367404406
0.0008564316890770512,0.0021040974104555342
0.0008684982483843512,0.0018101379934985463
0.0008590552306049386,0.0018606678339403095
0.0008637574938210089,0.002253995726312916
0.0008382353905854136,0.0018639042381297399
0.0008319435437912786,0.0018702466893675872
0.0008566391822040049,0.0022764284476579633
