train,val
0.0014825319039503554,0.004396769198557684
0.0012786940739120977,0.0030207651921395715
0.0010890784679024644,0.0033343477646737415
0.0009769551665193342,0.002715925141344017
0.0009861195541396649,0.0028804644551620674
0.0009855798456940717,0.002294490668506254
0.0009373124106997028,0.0024753026774096023
0.0008927115610941445,0.0023529592931131795
0.000942358761291801,0.002608117100932689
0.0009155250063661067,0.0022958629174704235
0.0008950963902477199,0.002409552788426831
