train,val
0.0010738724766864694,0.002610695137823663
0.000985613042285667,0.0026057721188408323
0.000976703188860903,0.002217466133235855
0.0008697414400732948,0.002172669084617295
0.0009176022364097382,0.003218001077374748
0.0008893778666823402,0.002603534424871703
0.0008743444177875622,0.0021778655321283555
0.0008717539152922444,0.0029864250592744122
0.0008625273566254831,0.002420097799096346
