train,val
0.0012116712902212612,0.0037459799904564326
0.0010011275678596559,0.0031550729318041704
0.0009767207510450887,0.0027536612131091086
0.0009250053582875878,0.0024260341937616223
0.0009118128356948756,0.0024905771436509053
0.000919944439128419,0.002736949591368242
0.0009272238748908334,0.002521553877097806
0.0009336417847637135,0.0027034016639810522
0.0008980872328965444,0.002473538372511869
