train,val
0.0009436893663497323,0.002261767065647291
0.0008294901982981611,0.00215832544899268
0.0009223306010601216,0.002050405832960678
0.000914176031295929,0.001658295215258057
0.0008729377549124925,0.002250034838373092
0.0008854197232378825,0.0017884153576233075
0.0008634675918114654,0.002492965934624618
0.0008765574342390892,0.00206494583310884
0.0008757288437478267,0.001861386383797463
