train,val
0.001064881490177728,0.0024370021206917814
0.0010366794801764346,0.002528886283891132
0.001037275389745236,0.0025674964697547974
0.0009642780900181746,0.0019580077753814226
0.0009418811849242887,0.0023584059359004293
0.0009832606617867267,0.0019286853639641777
0.0009094994962791903,0.0028364941099425778
0.0008682813426136048,0.002027205604603156
0.0009659447621813272,0.002117026847442433
0.000874824720365443,0.0025393968921539802
0.0009204923182481322,0.002112319449504587
