train,val
0.001436894645359224,0.004173585258495922
0.0013061032488202238,0.0038195207195643047
0.0012002023353348845,0.002870483630641292
0.001100248102445151,0.002904971393246132
0.000988136413490373,0.0019958864118402395
0.0009272810389470229,0.0019559596411664435
0.0008799020457935022,0.0023605403316301257
0.0009038277931162716,0.002554729967624343
0.0009231187462039368,0.0021809271543483753
0.0009079545449052462,0.002689979704043183
0.0008451921294181375,0.0022954049370757556
