train,val
0.00135875606859442,0.0037481434320887695
0.0012456785916758516,0.0038581772079431596
0.0011231763550697976,0.0030946756974467114
0.0010762684160873994,0.0036437358164850874
0.0010033214608099045,0.0034132140731694214
0.001047716652132854,0.0031397354635443594
0.001047725999062375,0.00396109724953511
0.0010380894100657874,0.003400358826183947
