train,val
0.0011562378544825746,0.002593211323196206
0.0009652145917005311,0.004135926867442881
0.0009711621775986365,0.005311305217988915
0.0009638043251746134,0.003307684665934665
0.0009228832057219122,0.003330543558849268
0.0008943190365198023,0.0028499142481800497
