train,val
0.0011349357258810555,0.0029514372357740425
0.0009811746010523865,0.0030901554322414226
0.0009102350344348381,0.0026091471595813907
0.00091853661764783,0.0028117061097313687
0.0008849868694905074,0.002327294401486422
0.0008817122789067228,0.0020833849072145172
0.0009185783277072363,0.002381285177692077
0.0008666732331651981,0.0022610434232144773
0.0008748298768068707,0.0022559680312322318
0.0009197530071728666,0.0023104085097517013
0.0008722886239727228,0.002313054820451026
