train,val
0.0011522748830051692,0.0031957416168342414
0.0009852233765533706,0.0028855247073806822
0.0009537356805155311,0.0024268929755985134
0.0009318388232912866,0.0021870135510303392
0.000890759115445296,0.002014225980334371
0.0009214818432737432,0.0025173992168604923
0.0008868961065753813,0.0023116336763870583
0.0008936865561417143,0.002121809485218434
0.0008967433053787597,0.002038615452980034
0.0008951264834980049,0.00234413141265577
