train,val
0.0009582357261111751,0.0022767933187424205
0.0008853474254893767,0.0024243221733531053
0.0009036373124725008,0.002051596309264334
0.0009055241661013287,0.001822801685473398
0.0008847816581534901,0.00205118996550132
0.0008642192720611337,0.0022819012603856837
0.0008545458552869325,0.0019512113604622965
0.000863644154269248,0.0018513833145754268
0.000862729889036018,0.0019941684894057778
