train,val
0.0011690278458025625,0.0031911591594017898
0.0010283393709187294,0.002643608380122504
0.0009365801283907926,0.002876944152096537
0.0009353774242369512,0.0027329530662077908
0.0009444031639855683,0.0023380882708946816
0.0008867296924065088,0.0017941738478839397
0.0009014667772755904,0.0024087508718366735
0.0008816765933637236,0.002140622919586559
0.0009085717206639507,0.0018748203594721137
0.0008895977303626961,0.002541487009483927
0.0008944025802905414,0.0020351223059920953
