train,val
0.0009830665480045843,0.0024724609460323476
0.000939614312611726,0.001991130001372837
0.000861055523640831,0.002176012446468051
0.0008352488404651782,0.002086545060312626
0.0008505064850422828,0.0021773116056395406
0.0008492517029201106,0.001768656666592086
0.0008837196853444487,0.0018451163682934397
0.0008492175734799135,0.0022402261299878145
0.0008658347609910449,0.0019163018934285412
0.0008815298666079868,0.0019028694536805584
0.0008667304303676596,0.002023940187847564
