train,val
0.001378526292997916,0.0036545942492431584
0.0012177464860332503,0.0030585256914631687
0.0011179445753161698,0.00256044029293452
0.0009723891217583094,0.002406376181030422
0.000961146061871869,0.002413137112573447
0.0009305267468649758,0.0017708049953608469
0.000966685433748073,0.0021770350000364347
0.0009211909714744812,0.0019016020294377366
0.000922496054534769,0.002348631155865195
0.0009507860737672813,0.0025796560729269493
0.0009733208434087059,0.0020563982175539983
