train,val
0.001169277761234228,0.002930787297932861
0.001094863505736262,0.002592190468791299
0.0010438334290413947,0.0025747270281919134
0.000955719015739585,0.002057944371279938
0.0009459922624116119,0.0027245807726173485
0.0008628114433122391,0.0024869786340367193
0.0008637571742418424,0.002438571519283309
0.0008731737105056079,0.003119561939316694
0.0008517490402762353,0.0028747068485804796
