train,val
0.0011925609333834823,0.0032996609627913972
0.0010684913142514373,0.002691503774258308
0.0009264723739455313,0.0027493413827659632
0.0009250454782414425,0.0022092408583445763
0.0008787236179203389,0.002573240716838672
0.0009005553415853193,0.0029506552827325114
0.0008932262251120776,0.0027004032952111
0.0008589433349689338,0.002585926568896796
0.0009228416139509276,0.0022237631271239547
