train,val
0.0011790394674711445,0.002915662773585399
0.0009589889977584895,0.0036907642451506737
0.000980549259546356,0.0033056795154712184
0.0009219633519399814,0.0031511153662834726
0.0009209512290208994,0.003173678121811463
0.0009415628960629017,0.00334465294599795
