train,val
0.0011034979772415016,0.0024540532520824433
0.0010162851742712485,0.0025092689641916456
0.0009581187573552632,0.002747087357752557
0.0009322925889377459,0.0024808831182274215
0.0009296648648186279,0.0024284912865893534
0.0009414657561673214,0.0017004843142164926
0.0009233075877414893,0.0017352827157292967
0.000911785379313502,0.0027151114305140186
0.0008829416118053119,0.0020227857995590826
0.0008309456052805112,0.0019409319516643546
0.0009202765421364872,0.001940817554091504
