train,val
0.0009811432361503264,0.0024246736792030367
0.0008608197072244541,0.0023097363075346667
0.0008436127719623807,0.0021538312660665656
0.0008694538225307943,0.002194572186104219
0.0008572692867272298,0.0018483322123407002
0.000873648012517291,0.002110486831217993
0.0008300201195171352,0.0019052237006200391
0.0008624050235648786,0.002136845305078448
0.0008613256718370202,0.0018568434041019198
0.0008745591439990746,0.002047717447427343
