train,val
0.0014118860328660677,0.004271137830353557
0.0013546087492823761,0.00366064179643917
0.001197901326612247,0.0038094214307001005
0.0012151305697373643,0.0032889198840936073
0.0011264325653778191,0.003987694257655396
0.001128652033283008,0.002752384652222435
0.0010892289616234708,0.0038732584171856824
0.0009964845107088666,0.003524756665193798
0.0009690811225132515,0.0036093267481192015
0.0010746358586682337,0.003081895519034543
0.0010084338453172957,0.003252281018761166
