train,val
0.0011859514013044996,0.0029152917025892467
0.0009752583025776682,0.0030730403544182014
0.0009439158039460638,0.00314648826416977
0.0009304380695322851,0.0028949610296229787
0.0009319707243640516,0.003463200096929925
0.000908238810469223,0.0018430418468736976
0.0009067763307688035,0.0018985879875379817
0.0008741197596971408,0.0021599065515217194
0.0008595689561653549,0.0027778423428012154
0.0008610917846097594,0.0023720152652274987
0.0008748988732349972,0.002273208109946049
