train,val
0.0010624255474060472,0.003108516195565104
0.0009515980969074287,0.0027571950821976107
0.0009207396914978114,0.0021344728257435444
0.0009144125752719936,0.0023152514986577444
0.0009057124905780256,0.002157827438517975
0.0009065506569028842,0.0022278465151500245
0.0008788820256401008,0.0022307486170365545
0.0008829415347822061,0.002239004746885397
