train,val
0.001031313369542029,0.002543936040288267
0.0009925030926751788,0.001834360740478867
0.0009170426100913923,0.002025139399428064
0.0009018471724420334,0.002133966745952001
0.0008579234927660414,0.0018965840743196448
0.0008430710754859879,0.0015874912451881056
0.000835390456604028,0.001938993178695315
0.0008735534273420434,0.0017946909339605975
0.0008277738195549598,0.0018454307000166199
0.0008424224092777877,0.0017373272189266013
0.000798792660554262,0.0017111132451995777
