train,val
0.0012423812610659996,0.003434346227340239
0.0010277596675999452,0.003427693681155338
0.000978107260926628,0.0031155194501479855
0.0010089002232427026,0.0029365319347701957
0.0009080723966198215,0.0035692201992892827
0.0008889615795165076,0.0018720558401198034
0.0009271829214703495,0.0025223538121176368
0.0009121670617603811,0.0023496296920222028
0.000948119933838143,0.0022115485774590457
0.0009165623648575897,0.002110092778366379
0.00089430059932738,0.0019058098256437006
