train,val
0.0009879891849231205,0.002637976223363344
0.0009295478794010356,0.0025794194790041028
0.000927052981956295,0.0019037696932942849
0.0008833953722678154,0.00253751827340938
0.0008780031154316248,0.002311513964601685
0.0008937270100036498,0.0021647757973998804
0.0008918600926418863,0.002262109113381974
0.0008415812212174518,0.002122600096159798
