train,val
0.0011656370321823863,0.0030252244764247174
0.0009631333270542305,0.0032010013282020877
0.0010422793561461346,0.0032078493609683043
0.0009745743006408685,0.0029188745900053338
0.0009721133908191002,0.00215945367409194
0.0009299534130382023,0.001990734789720031
0.0008967276951101264,0.002868460663806288
0.0009691003813237295,0.002212807386968052
0.0009906311547266656,0.002321864016966384
0.000984790549179702,0.0025922904065877306
0.0008814003486496456,0.0023200651981964116
