train,val
0.0012431774565376723,0.0038176331038882313
0.0010882597696789931,0.003223647773456133
0.000992964214835122,0.0030552723912758385
0.0009961220000309805,0.003411535784555151
0.0009543251094273641,0.002041792759952771
0.0010216655962158082,0.00331284106491344
0.0009813609139508973,0.0027288327837595716
0.0009378086369283578,0.002401662031073871
0.0009212290227585876,0.002744122709897895
0.0009585504754706056,0.002736088223173283
