train,val
0.001390222426485147,0.004036834987346083
0.0012912577130219478,0.0037305723728003125
0.0012016888296364834,0.0032371906653189887
0.0011130629982989586,0.0031181358230801728
0.0010034254858580355,0.0026876071485905694
0.0009494668485366184,0.002154893519428487
0.0009088983862896455,0.002382546321873983
0.0009473892888099027,0.002733876127772069
0.0009472857028903001,0.0023733831101428503
0.0008971119200745866,0.0031409146814929466
0.0008792654612779398,0.0024100973862984506
