train,val
0.001241178919721838,0.0027234054516436746
0.0010468195525670755,0.002511784373592281
0.0009497339065441898,0.002772725695439686
0.000900332631807452,0.002271637842148686
0.0009095400079716525,0.0025278337942346786
0.0008692951103232469,0.0017312452342034353
0.0008650785757708945,0.0022630838961609136
0.0008667615938625553,0.0019161013218623479
0.0008919167457161865,0.00247854179906426
0.0009066467030676834,0.0024744597450570348
0.0008669624068296308,0.002029716565560263
