train,val
0.001051840776282321,0.0030246775265997993
0.0009228319865166248,0.002459161845483602
0.0008998900097918312,0.002206711629136967
0.0008994755302051789,0.0024051055395550346
0.0008568129110069724,0.002097518367428655
0.0008527225513979339,0.0020457184744792846
0.0008533174994471875,0.0023839680792522044
0.0008476069812672904,0.0021420764138523596
0.000841643535780944,0.0020612742088045566
0.0008445284635041179,0.002325389580969036
0.0008249001255780269,0.0021167090081479936
