train,val
0.0012552881767777973,0.0028650632684730226
0.001103748650988424,0.0027616203068856313
0.0009769743012559328,0.0022076260665926384
0.000937382983938033,0.0019024023100568089
0.0009273539780958975,0.002320125772642384
0.0009856895731165704,0.002020488770890202
0.0009302149296497821,0.0026004171798446737
0.0009368611152834861,0.002102681373798987
0.0009779218647648891,0.00231561973683151
