train,val
0.0011838096666784064,0.0036594154505739706
0.0010035372569413643,0.0030967578232565965
0.0009350282051452898,0.002503162553833905
0.0009045102368208274,0.0018820146117202686
0.0008806545237645808,0.0026604613947431343
0.0009080718445182776,0.0022871495921908016
0.0009169088131758285,0.002267057708545158
0.0009299457484967905,0.0025360727035709154
0.0008887049593270674,0.002859299082047073
