train,val
0.0018812742733084282,0.004573583418207888
0.0015146526873370302,0.0046450650373187205
0.0012216144605715201,0.0031281241267256867
0.0012982950711025647,0.0024451187690339373
0.001138382798584504,0.003116489991673286
0.0011616138666830432,0.002667070663357243
0.0011991029791715846,0.00342995900511876
0.0009467172188019154,0.0032267250643109526
0.0010330932075598516,0.0038325291106257983
