train,val
0.0010473430656754946,0.003031999926651434
0.0009961811549295328,0.0019629854653500775
0.0009664987374592854,0.0022799942565213246
0.0008833831360299463,0.0015381286567180024
0.0009355503423762457,0.001605675545691226
0.0009430092458422643,0.0019771918618621733
0.000857903000835974,0.0029871813080367595
0.0008867924034085753,0.002598129742601976
0.0009328492665627681,0.0024453023266127836
