train,val
0.0013088363227954968,0.003653078554914548
0.0011626669596667993,0.0029906844362043417
0.0010844494106025265,0.0027272073986331145
0.0009789709702790088,0.0026842673217358356
0.0009207398014111207,0.0019150403657896766
0.000864535254375089,0.002267963017332547
0.0009015486879644203,0.0022368883686655094
0.0008790255534362446,0.0022689853890019897
0.0008930803841954352,0.002253626659064769
0.0008703899849863844,0.0024399235584356715
