train,val
0.0011576505146487866,0.0028812335521374386
0.00096746509380698,0.0038359682946695383
0.0009218807871069255,0.004619845300812113
0.0009186641363389578,0.00444968908428004
0.0008792589277456605,0.003885017490154916
0.0009165924216592185,0.00445296445713421
