train,val
0.001020473067863751,0.0018056384577413644
0.0008923497150868348,0.0018023619612939422
0.0008490048452928475,0.0015431753875313565
0.0008719889741446499,0.0017233701854068456
0.0008471753066428075,0.0016716916075945566
0.0008601846737464664,0.0018857985479249133
0.0008412598646121316,0.0015551385670802959
0.0008532144935542238,0.0015704440765008398
