train,val
0.0011439425037812394,0.002812128218264521
0.0009958552217597116,0.002564575592828078
0.0009232101743175638,0.0031425433312856164
0.0009373537411254171,0.0032953286492486836
0.0008917474403915548,0.00305962101269695
0.0009474163024061857,0.0020613173708170507
0.0008885414015815321,0.002777159647796277
0.0009122294554690422,0.002396517142135333
0.0009275385679747326,0.0020913252138082218
0.000932950855165324,0.0022349243012321006
0.0009197287825552044,0.0021659547667940596
