train,val
0.0012721102456575513,0.0033493436133609908
0.001063784313496049,0.0029166883892825213
0.000942014415666283,0.003330230225401465
0.0009558673376921853,0.0029140538659143764
0.0009305252647209272,0.0021099964058241593
0.0009590821908449681,0.0026040541326018195
0.0009115221432169235,0.0022399726507361406
0.00092027096327631,0.0021697040059594796
0.0009266181653996542,0.0025952863227128265
0.0009176407211445901,0.0026544269281797684
