train,val
0.001178024901837314,0.0033129327086778805
0.0009973700079474778,0.0029941641721157233
0.0009676688882966398,0.002939385350076079
0.0009242910710375222,0.0023067655331138106
0.000985339613668893,0.002743454282328737
0.0009192739083112236,0.0017011871415469125
0.0009592647760373351,0.001701965907858931
0.0009394753377154513,0.002364109280349042
0.0008769883409572598,0.0018095563825944248
0.000898551400404393,0.002424567434261987
0.0008877556455808225,0.0024847780760305447
