train,val
0.00028245758912882543,0.0005082415683463678
0.00022252862445449811,0.00054080391015779
0.00021086857922252402,0.0007423468127524467
0.00019675910541880237,0.0006003070591469768
0.00018202644649319553,0.0013476153600503744
0.0001893175198144471,0.0011231129833174855
