train,val
0.00021093590027557751,0.0004016264624722602
0.00016544731937820034,0.00033923263780831524
0.00016296061309686418,0.0003590593481597437
0.00014970001675108544,0.0003620932338203242
0.0001551252160447588,0.0005430491874975938
0.0001494836289136768,0.0003799139306616296
0.00014968809999384486,0.00040150589687419863
