train,val
0.000380606594128715,0.0009835519663381922
0.0002813426646911476,0.00046063169044481317
0.00022347852891355083,0.0006233295075551775
0.0002019371422861127,0.0003959304950584862
0.00017759333664784855,0.0010618083714290288
0.00017849778462235839,0.0006749476874999915
0.0001609321638000392,0.0005039582845338307
0.00016280072961828357,0.0004749106457481287
0.00016858040124200936,0.000656875688246342
