train,val
0.00023281745960885804,0.0005091539421889192
0.00020098161078965324,0.0004985726321619415
0.0001835499275025966,0.00047370311350438413
0.000179681671535108,0.0005496483551242444
0.00016747588028429556,0.0003783166998533381
0.0001730915347847873,0.0004534818600565332
0.00015333664342840082,0.00038634725387964863
0.0001469959196757052,0.00039229994394297726
0.00015249377042728286,0.00043537680411485355
0.00014444920706043488,0.0006266669171215172
