train,val
0.0004289945961723827,0.0013438824665653931
0.00034083863124415205,0.001010427582246741
0.0003072630943017639,0.000809174973068473
0.0002599185177819341,0.0006210654448616825
0.00025165865466294607,0.000950254365842043
0.00024605254114464886,0.0006725837972814642
0.00023930665186284216,0.000730603040959549
0.00024624062642870616,0.0006967829564981751
0.00024338474871348167,0.0007790506703767117
