train,val
0.00027450083045594983,0.0003626096824634077
0.00018517131529512235,0.00042593333355333066
0.0001805992760393184,0.00041574618440175747
0.00016781247376250087,0.0004724191970931217
0.00015427273492364248,0.00045331176586436376
0.00014786719036337934,0.0004968476145445133
