train,val
0.00022832331068283067,0.00045627352634303094
0.00018088970563695636,0.00043629374509992824
0.0001684018892524609,0.0002852781857991889
0.00016331141732271848,0.00032204692782300775
0.00016297838149831683,0.0003306974737453608
0.0001564669114617468,0.0002931852296137508
0.00015905884494875813,0.0004941910078365555
0.0001571017282944272,0.0005577907799987044
