train,val
0.00027035668101231205,0.0007218404153599809
0.00020433299192295994,0.00043807209835838455
0.00018537169127147464,0.00036415336786455515
0.00017885863044955305,0.0003233508347308827
0.00017100274043524034,0.0006775625517838162
0.00017195235930250302,0.00041728930464950793
0.00015423390383318338,0.00044103483088437696
0.00015840171042520734,0.0003792622935008325
0.0001515837950240265,0.0006017139406838502
