train,val
0.00032649065649337466,0.0008199776014231025
0.0002171787659506208,0.0005142952045880128
0.00019302835806481996,0.0005364548184889244
0.00016928277770918723,0.0007275826244151451
0.00015736643036842965,0.0007027048112825292
0.00014422354408175254,0.0008061462841566982
0.0001537537396793612,0.0005961493360072702
