train,val
0.00033940722697576453,0.0006768231570872264
0.00023769231675834177,0.0006008140849353236
0.00021587865294497415,0.000648093854350192
0.00019860409951955117,0.00028622816546839785
0.00017899757420337278,0.0005307430587375578
0.0001629941950489201,0.00046135968782665983
0.00016160559038335843,0.0004464849890420161
0.00015008506393200243,0.00028681985394306145
0.00015103251137432597,0.00035680247566501717
