train,val
0.000360140621572875,0.0007445298487542956
0.00025452030100027673,0.0007193992142075992
0.00022527335940371147,0.0004967390544548154
0.00020602144277011425,0.0006292128921465434
0.00019333237687772274,0.0006396327684990165
0.00018358503236525067,0.0009491481873966949
0.0001696521671213632,0.0006291707128747207
0.00016070463944502139,0.0005740803830180765
