train,val
0.0003755520265834996,0.0009300538330267077
0.0002764326189144384,0.0004612448523363887
0.0002189052126902941,0.0005891141878652738
0.00019670056356443902,0.0004723107494969587
0.00018282375864313216,0.000505882134897835
0.00017678577477103815,0.000869709944630512
0.0001667450750216337,0.0005667572254743136
