train,val
0.0002426498370355704,0.0004016786720255724
0.00020034337928022684,0.0004197292125545705
0.0001833669830907213,0.0003947976030916755
0.00017430983706267497,0.0004296006226850559
0.00016553523690706354,0.0006082127101894846
0.00015300976630190253,0.000546315162838268
0.00016195996666859257,0.0007731461002444173
0.00015194066615055666,0.0005827515193179378
