train,val
0.00025726655527875405,0.00044692724065462634
0.0001870482517382192,0.0003538234539898682
0.00017020664478221173,0.0003784208348053208
0.0001592386829925466,0.00043038510872432087
0.00015286199819986664,0.00046085091395175467
0.0001509646065552026,0.00047448977364301296
0.00015242393721623534,0.0005119800262592899
