train,val
0.0002345917557933534,0.0006083798783319573
0.00018194226052003568,0.00042248532941720695
0.00017331466981497162,0.00044344286116094686
0.0001604023438406873,0.0006329057544351324
0.00015121153641713535,0.000617550386431235
0.00014988518518516326,0.0004432859587729758
0.00014391392752380027,0.00046116265541791795
