train,val
0.00023530283582946638,0.0007042780893350616
0.0002173609501539477,0.0006013233936327571
0.00020454793978734684,0.0005343461692010512
0.00019142755972058543,0.000367322873123211
0.00018501723118350116,0.0002953152164028485
0.00017594636675122608,0.00036736075680089605
0.0001654637373376841,0.0004712639946011918
0.00014524077285798956,0.0005869758766921758
0.00014733142047883795,0.0006184449327573769
0.00014872134184776945,0.0003592095986010356
