train,val
0.00020808899672875903,0.0004121902349927185
0.00016810043797650995,0.00048584469804278973
0.0001576423035499819,0.0003781807001176786
0.0001445687381107268,0.0004020854116494101
0.0001400167268937664,0.0003360381403496353
0.00013842953835880504,0.0004205512402137606
0.00013963901959960568,0.0004960001282623832
0.00013923794972858704,0.00044676822500091704
0.00013644676154221048,0.0004912697577376041
0.0001378643401322053,0.00037146994146895713
