train,val
0.0002823679805891738,0.00047610319947837167
0.0002181749844946595,0.0003764832925799714
0.00021822234750187353,0.000493878290992301
0.00020084926403725025,0.0006044854881770004
0.0001886607307878287,0.0006158901262518855
0.00016424458034006742,0.0008626496225285033
0.00016217305235239227,0.0011343384183524852
