train,val
0.00018928904120434545,0.0003252676096963114
0.00016179741519719508,0.0003231230653099097
0.00016246897533953332,0.00040932576621344197
0.00015379731552221535,0.0003062950507992882
0.0001498146617436498,0.00028142880889878353
0.00014312901674598153,0.00042868707228937666
0.0001452888452072755,0.00036617096091082414
0.0001448567636257623,0.0003686519822338965
0.00013824224377232712,0.00038070751323478663
0.0001389343757667369,0.0003538533584646032
