train,val
0.00023197444394857346,0.0003973072460976189
0.00018287422083206002,0.0004082938086569504
0.00016206018455119911,0.00036676255767684884
0.00015693521086086507,0.00039795486262316686
0.00014501764873811227,0.00039546807541967566
0.0001425655270401439,0.00045680296458655686
0.00015255895401121702,0.0005236618614663129
0.00014115319220452306,0.00039294418738202255
