train,val
0.00023058216070427837,0.00038029660288552706
0.00018161435669746952,0.0004104346045209332
0.00016017421149008777,0.00042378868834708005
0.00015786480635337412,0.0005182573478260637
0.00015985518697780307,0.00048571039222571283
0.00015674328733516002,0.0005703805975053256
