train,val
0.0003366346350322837,0.0008495456484446249
0.00023824687959425665,0.0006154787050873769
0.0002003575018935087,0.00045873443008753934
0.00018292498335293584,0.0005328832416021116
0.00017412436507096597,0.0002174623721055586
0.00017000592985053415,0.0013604351233945584
0.00015691526045279292,0.0007520815926399199
0.00016382691844597116,0.0005427169680515625
0.00015464948928728447,0.0006244438844065017
0.00016547345514809978,0.0003629811201548194
