train,val
0.00022409261249455614,0.0005753674003565282
0.00017294211203994014,0.0004311991621938655
0.00016540522074945366,0.00041011629841607
0.0001588476365659206,0.0005023757209050764
0.00015255919954769388,0.00039401442333766954
0.0001452685573821386,0.00044863498707933407
0.0001436083211111957,0.000513139995157433
0.00014596203067083105,0.0004099655786553053
0.00014688279332677085,0.0004466779854796867
0.00013308786903263459,0.0005588818025539073
