train,val
0.00022523876817850412,0.00041347864171518967
0.0001854284269737436,0.00042610202292720547
0.00016236844066937136,0.00031704339881543476
0.0001730938263890334,0.0002836030564970924
0.00016208405994995706,0.0003335046531221268
0.00015989690031260694,0.00035952806430562063
0.00015008917587389412,0.00044429471385353
0.0001498358988973321,0.0003284866462033226
0.0001625141326877314,0.0006019267753266531
