train,val
0.0003138956058902138,0.0007019410985115775
0.00023406332256928122,0.0005987259358485488
0.00021287970476435952,0.0005526115939325445
0.00019816441425787127,0.0005924384288931401
0.00017795871735134503,0.0004063992450577931
0.00018085538711564943,0.0007334699056686757
0.0001669373426722336,0.0007989105332454666
0.00016337371716328543,0.0007176299697688945
0.00016836704526846863,0.0005810204728463791
0.0001591257078495601,0.0004800406537181928
