train,val
0.0002050462723468586,0.00041135981026684887
0.0001750530593990434,0.0003496661007537166
0.00016415891696259198,0.0003507869101003766
0.0001648057395242876,0.0003839574273963584
0.0001441084021820927,0.0004272305674567833
0.0001504978336832863,0.00042687258084808763
0.00015095534063688058,0.0003756529245267119
