train,val
0.0003206256050790828,0.0007550878962836892
0.00024183163135588814,0.0005242565458508756
0.00021098745757582436,0.0004310030965452759
0.00020083679677077926,0.0006113093130277108
0.00019659653826352858,0.0006582118938161938
0.00019092407442691746,0.0006112301021897261
0.00019296471971718922,0.0005297492747781329
0.0001740602383463545,0.0005345068457245361
