train,val
0.00035042428220526583,0.0007511894066495928
0.0002511050533974612,0.0005648966964207235
0.00021789540269832666,0.0003087019535440494
0.00020154983425111974,0.0007337647071286195
0.00020343664698506753,0.0006449903412496444
0.00018225451152477818,0.0005824193486535759
0.00016101715122742417,0.00037859760454725047
0.00016582708430240128,0.00044658683542339735
