train,val
0.0002338459459445584,0.0004383557435051725
0.0001763781443000138,0.00035692184047816196
0.00015821912195023309,0.00040588805712876746
0.00015260572608053613,0.0003697223156129878
0.0001541251279809729,0.0005455583840518406
0.0001401290158980419,0.00041003784388018213
0.00015727830079378287,0.0005588672550193027
