train,val
0.0003594345161030358,0.0010720078831621472
0.00027334834510348314,0.0005813209926266694
0.000244356718886906,0.0004612563878175633
0.00023104164533022947,0.0005579909129435874
0.00021273368330216997,0.0006467779350294013
0.0001810986469163137,0.0006335196311780931
0.00022652512959813858,0.0005984190670525952
0.0001792986968933851,0.0005327071634638356
