train,val
0.00021639581570313644,0.0005100980489397515
0.0001699396582849943,0.0003980525835300377
0.00015793408213886592,0.00040487407818382183
0.0001477096655769679,0.00042986745086918157
0.0001377312611820754,0.00046557565656257793
0.00013895901152392176,0.0004801316310162907
0.00013361354366164054,0.0004737453451826637
