train,val
0.0002880276106323357,0.0006908033521039465
0.0002231507244764118,0.000561809842625023
0.00020907161354479802,0.0006696658467948167
0.00020212443064501583,0.0005378741981880064
0.0002016560604858091,0.00046607032371853626
0.00017446899377148792,0.000515847741158011
0.0001738140289033437,0.0006242786437961395
0.00016193213811982904,0.0005885828258992726
0.00016871286677967533,0.0006309943421291646
0.00016899268164153987,0.0004731886228251244
