train,val
0.000348386044421591,0.0007239863545247128
0.00024550833063616414,0.00042326062471441893
0.00019912099481649484,0.0005137081150567335
0.0001705403872895813,0.0008928349611549676
0.00016711647902795232,0.000470036068723831
0.0001603177138848223,0.000664068944931498
0.00016655621916200505,0.0005172053257122982
