train,val
0.0003707320368226404,0.0008812878432704794
0.00027713891639745446,0.0004743556762654368
0.0001952884677341804,0.000569785183137578
0.00017194902749196011,0.0006960460831015821
0.00015992432132437033,0.0008908812576693707
0.00015797557207049694,0.0008427037647680604
0.00015841727919819597,0.000551973321049288
