train,val
0.0003581244977049851,0.0005901035855276368
0.00023053388266108436,0.00030697124619624125
0.00019833404044474856,0.0003936984111951853
0.00018319955863556675,0.0004062635870690978
0.00017214194742699293,0.0005126717024991162
0.0001575239702777544,0.0004780970407458842
0.0001518389187592497,0.00033771675510451516
