train,val
0.0002404009323399147,0.00046844983131554826
0.00017518735357450568,0.0004184242813122025
0.00017741974397487582,0.0003014736924231054
0.00016182532005900625,0.0003734405578354212
0.00016132771378398082,0.00039041331155099116
0.00015714080332985013,0.0004460927688384584
0.00015425954564276327,0.0005267000524049076
0.00015908957722445552,0.0004318483533074705
