train,val
0.00035009916217918315,0.0008686643073708503
0.0003195678488717401,0.0007963138959894422
0.0002579461554383709,0.0006863655771132257
0.0002577095385551873,0.0004631115947738769
0.00023798388271296703,0.000683836434772649
0.0002285963934005038,0.000595319003717604
0.00021898174098025018,0.0007823689903649638
0.00022598043671691255,0.0006508289477685193
0.00022870727893892738,0.0006341675050541252
