train,val
0.0002841460414241502,0.0006450556753749707
0.00023071636933342209,0.0008146924335934286
0.00023532275432859782,0.0005298563848581566
0.00021520106445828302,0.0006265369765047133
0.00020628691298553485,0.0005224435342403224
0.0001973469967048305,0.000576061800424266
0.0001874817156499539,0.0011175979828070579
0.00019226677936981857,0.0008666612951513515
0.00019600056577846837,0.0005443927756446562
0.00016524769716034571,0.0005552928730627384
