train,val
0.00023779934277955533,0.00041337425094059116
0.00016467811033067244,0.0003891496955750116
0.00015496619281542357,0.0004846362037320471
0.00014806249817880959,0.0004376136952317165
0.00015008997493009518,0.0004145945249923597
0.00014993205694736796,0.0004946278381074656
0.00014495835239476177,0.0004302937843983776
