train,val
0.00020744518620973302,0.0004908897215291094
0.00016640011591112302,0.00044165889266878366
0.00015418229944282058,0.0004106541487973321
0.00014596513539927663,0.0004053712294100099
0.0001430705988535684,0.00046777727012543456
0.00014218395103023096,0.0005126294754583744
0.00014231384943271146,0.0004089867151830188
0.00013696061051747484,0.0005108863555532277
0.00013932191451234915,0.00044545747224880523
