train,val
0.00021927164622282194,0.00037140377184605703
0.0001669801134208382,0.0004181960104014245
0.0001586104899184698,0.0004476425029162469
0.00015396465577522203,0.0003905380646115158
0.00014409239514823433,0.0004222125663584998
0.00015050858609801248,0.00047946738809743507
