train,val
0.00031287613488585657,0.0008496245039471736
0.0002422391350474303,0.0005224140656102226
0.00022052016041068377,0.000613914975339366
0.00021235318449268017,0.0005033434259939236
0.00020576805839158519,0.00038975809309414365
0.00021091074466053966,0.0004753867823888288
0.00019879615932633058,0.0004954770222642422
0.0001940758023954704,0.0004154359590704215
0.0001795375542879359,0.0005654113523685711
0.0001823135324380444,0.0005378430841897236
