train,val
0.000305106848694247,0.0008565983273159793
0.00023879684449770033,0.0006255307140974395
0.000199583912705303,0.0004254747731518338
0.0001873850933685167,0.0005106185070727024
0.00018145664689295078,0.0003228970330699509
0.00018011325710421975,0.0003960029677029419
0.0001815619979864017,0.0004379063886280283
0.00017945643432896836,0.00038566141673705397
0.00017385136944334027,0.000391453792173601
0.00017657721806856592,0.00037780312160738623
