train,val
0.0002726957387108577,0.0005709263459325682
0.00023003956055768382,0.0005957434663076234
0.00023309286759266268,0.0005365148460533827
0.00021419044470584589,0.0005531332148087171
0.0001953363704993051,0.0009712300704542439
0.00019124680743140134,0.0008066456591578848
0.00016808175156819474,0.0007084601472698799
0.00017064216922744563,0.0005399121705061365
