train,val
0.0002376312299657635,0.0004899068549976822
0.0001669436937417107,0.000374368981784173
0.00015864466372938875,0.0004670682720061188
0.00015493775873532284,0.00043709433711876255
0.0001561648702381709,0.000525559569857689
0.00015910228873269644,0.0004247737272066025
0.00015142698856780885,0.0004997940476635272
