train,val
0.000263795352812868,0.0006369464721920332
0.00023390620271853017,0.0004977080395665391
0.00020743359289216888,0.0004150208424238267
0.00018674056771508975,0.0005254283247479193
0.0001813585164566464,0.00046209955584502186
0.0001813156929387412,0.000420181863775541
0.00017792291541256293,0.0005340701384153468
0.0001733334722518996,0.0004907819259948456
