train,val
0.00028599219534145514,0.0004908135158167578
0.00021743109791648801,0.0006718352164750905
0.00019728311054013634,0.0007725926269009453
0.00019149559810482302,0.0013251033313386818
0.00017441911661502697,0.0010244744078828144
0.00017413408162244307,0.0007134557096793761
