train,val
0.0003391839582318401,0.0005478597520650248
0.00021763740612016288,0.00041982374276937383
0.0001886136313134225,0.0005828690161330388
0.00017567657836218984,0.0004700286097255007
0.00015982026864493607,0.00023515620612035636
0.00015639114988668659,0.0003414404520978953
0.00015485626094046936,0.000376070066581404
0.0001632805225544103,0.00034137391339251685
0.0001525507612620188,0.0002550962082763716
0.00014927038602554596,0.00043401765898981874
