train,val
0.0003254051869767698,0.0009185462613655388
0.00022708908224889442,0.0004858676944380238
0.00018183595912004628,0.00037551227767842734
0.00017268816033107613,0.00034083486235699607
0.00015762576596705294,0.0005017997854106855
0.00015733737661671821,0.0003924326373244316
0.00015780878250492005,0.0004060567523505623
0.00014787555649726827,0.0003725141303829391
0.00015246812033507118,0.0003877455564475476
