train,val
0.00024434381197022587,0.0006168878282040941
0.0001878219269019937,0.0003809669578913599
0.00017327831099312547,0.0005205104720804727
0.00016851906518258042,0.0005549046305375067
0.00016427294004355147,0.0004878274628661385
0.00015557278075705084,0.0005379844566155141
0.000152500815319262,0.0006269143841760367
