train,val
0.00021389393091888012,0.0005673818125242113
0.00017873890503709446,0.0004219991690353591
0.00016641574232011794,0.00046699348714231116
0.0001569177551260123,0.0004635179952823845
0.00015019483970306886,0.00048597065130752854
0.00014427207538418894,0.0004543621409355693
0.0001437674414371535,0.00048661250804811414
