train,val
0.0002138320289252484,0.000637791800459929
0.00018707590195701166,0.0005236971543019856
0.00017498218616794815,0.0004628168747277574
0.00016419950529191298,0.0003764949726567412
0.00016066719037206625,0.0004221384158025852
0.00016151037563248656,0.0004015887532338692
0.0001557529308458287,0.00038731616137631456
0.0001499772211465445,0.00042166813652917934
0.00014682648244691095,0.0004530241627328317
