train,val
0.0003533301904184123,0.001187004506766029
0.0003450129269982662,0.000914309700473335
0.0002777995169616843,0.0007538030541207478
0.0002352152552945142,0.0005806663299582022
0.0002215180120859802,0.0005326055804342853
0.00020052235270164641,0.0005471167909597759
0.00021632129692603067,0.0006838968675925999
0.00021316205661507488,0.0006945423845215427
0.00018848370233473302,0.0006782259057645741
0.00019830929859839306,0.0005776581220904036
