train,val
0.0003356394616401748,0.0007890738439436318
0.0002369234376927046,0.0006433347197272145
0.0002192730385484688,0.00045223807544500245
0.00019397827177869181,0.00041427719536991816
0.00017507624333081215,0.000430351776005226
0.00016859353107158783,0.001116815175513654
0.00015597950399744883,0.00045206150216537885
0.0001556282593271884,0.0005038155912502883
0.00015780394907325717,0.0005159727153316473
