train,val
0.0002006571150539837,0.0004829716261370135
0.0001871319261436125,0.0004260443086369538
0.00017516584593911882,0.000461115683291984
0.00017167734742654195,0.00038978543799363677
0.00017186525909035076,0.0005308877054417013
0.00016058698097269448,0.00040275637087795665
0.0001559508830219823,0.0004898730924597818
0.00015691139098059382,0.0003926814851558233
0.00015562682426252978,0.00045633606960644317
