train,val
0.0002925238847664078,0.0005863935448294849
0.00020107390861568114,0.00030814256239174035
0.00017581096392987763,0.00042959808557635444
0.00017329454819390842,0.0004347856530582229
0.00016248851854404922,0.0005338086083653946
0.0001644966823570785,0.0006746339967687143
0.00015523312267694617,0.0005421872432415506
