train,val
0.0002536619477059307,0.0005890379231288165
0.00019194558017621315,0.0004376912814789819
0.000186135577279084,0.0003872179267770095
0.0001732553777893706,0.0003429504626763156
0.00017003149547291423,0.000425988304994172
0.00016977941711273343,0.00039664622690379736
0.00015547621147044677,0.0005023348225802403
0.00014629048697518575,0.0005186392801355712
0.0001440021499387277,0.00046432449876126645
