train,val
0.00027377913966222247,0.00043207698039420374
0.00019412135924986833,0.0005197401036240218
0.00017939964323033356,0.0004670763414945887
0.00017459698799929962,0.00044846422810119194
0.00016858416875228008,0.00028014988443868027
0.00016661365350940222,0.00031581285151555317
0.00015597766006336357,0.0002907440688981584
0.0001569874907246171,0.00044686382473059077
0.0001484833351422117,0.0006165810434022663
0.00015514665524837557,0.0005375651723016685
