train,val
0.00020485665262633853,0.0005542215781401062
0.00020228186075256553,0.0004953552293313003
0.00019365341725676818,0.0006832743426510954
0.0001972414263344153,0.0003737386830514023
0.0001966972108839269,0.0008106871801454177
0.00018302588071380976,0.0004695697464151582
0.0001894457739928198,0.00045113905317146634
0.000180875801607144,0.0005554710889341283
0.0001827426526606425,0.000442807370906367
