train,val
0.0003062178080333508,0.0009318259018233648
0.0002775786807177996,0.0006452996663831393
0.00023648640597117172,0.0006812007225508912
0.00021803147629077802,0.0005154096515445203
0.00021019736915549265,0.0006882746602059342
0.0001950455825994036,0.0005921251102015102
0.00019553822662503158,0.0005977215217118261
0.00018565694408803962,0.0006248646883143331
0.0001842520061845855,0.0005321851203916594
