train,val
0.00026048817088183864,0.00046015091541746497
0.00018423751375032081,0.00038717770787783425
0.0001605756020249025,0.0003898240560519455
0.00015505440762379183,0.00046019745683852895
0.00015024531887281793,0.0003739472662208683
0.00014690440983587154,0.0005040497243754158
0.00014617655420630382,0.0004213710572771855
0.000147228377757496,0.000416678467350433
0.00014298580834185663,0.0004499240322163767
0.00014411328106858016,0.00037757974760032134
