train,val
0.00020879695277800907,0.0005129533476601799
0.00015856710615408986,0.0003824173987863982
0.00015463783826323484,0.00046096129644800435
0.00014957310239185437,0.0004327253563780896
0.00014943854546943476,0.0004896853367211034
0.00014688556645524748,0.0004364133579483089
0.00014870251404441471,0.00047023218233354405
