train,val
0.00036871082560912416,0.001034827810609196
0.000296112652039237,0.000757413556823476
0.0002569447477914806,0.0003850563998467943
0.0002424307189762891,0.0004750934816046139
0.00021503767484938366,0.0004585455021443725
0.00023529892451729055,0.0004475511232289032
0.00022650692912496524,0.0005864910389335681
0.00021286837735177207,0.0004226333562639424
