train,val
0.00024660971534391633,0.00044538766571244247
0.0001965485272372501,0.000478952186062668
0.00018634387857663758,0.0004461152304587734
0.00017395788386843802,0.0003953080946118554
0.0001704287923409453,0.0003349862215896871
0.00016249048843969472,0.0004929821645972603
0.00016030272287097556,0.0006076922063189356
0.00014421710901967063,0.0005770628991687798
0.00014947646337800473,0.0003942255961442572
0.0001452274685094027,0.0005894448854567178
