train,val
0.00020590999045505263,0.0005511546362814603
0.0001808395958924331,0.0003900499004350208
0.00017935107326665399,0.0005095659726066515
0.00016841262426358874,0.0003230728209874702
0.00016240704645405712,0.0004116233294018243
0.00015601987915485007,0.00036762584611150324
0.0001549678320168941,0.00044169698316288893
0.00015180888487566663,0.000413014061825165
0.00014466321156125705,0.0005034939681268845
