train,val
0.0002569178959683079,0.0004551925929895926
0.0001964019274817592,0.000548089403573481
0.00018639738861153784,0.0004737556426572036
0.00019794894925414267,0.00044786021382368864
0.00017370483276114336,0.00022788316051525686
0.00017666115865768334,0.000298401942713547
0.0001689793460985934,0.00033618854436297073
0.00016367757062545293,0.00047264463934708687
0.00015065838184216237,0.00030498765934917964
0.0001549808551492284,0.0004960344776523214
