train,val
0.00021490179120018765,0.0005310236194431481
0.00019184326701855484,0.0006158288554962651
0.00016747786745906242,0.0004040939064573734
0.000176137341386673,0.000391679590471841
0.00016302835769113164,0.00034520281408620304
0.00015788186533161692,0.00047389684144906675
0.00015352183439524373,0.00047457753052506193
0.00015411987522501928,0.00044800862488307547
0.00015693669096498747,0.00047917244890466055
0.0001443618357084462,0.0003659823011841856
