train,val
0.00019933555053828396,0.0003396564091273582
0.00016887835073148936,0.00036477839707030194
0.00015746801559849522,0.00048211211250084575
0.00015239811845389842,0.0003696770724015531
0.00015846640954632959,0.0005456057707410862
0.0001515064893078529,0.00041282569356076076
