train,val
0.0002473695306936656,0.0003930814315945001
0.0001824649509826876,0.00043087546237075003
0.0001609834431398078,0.00036834432103859783
0.00015609455095807017,0.00043952441114761444
0.00014912829758232282,0.0005542921075463298
0.00015087955613575862,0.0005693981096418539
0.00014991709374689396,0.0003949509421761295
0.00015648733882491707,0.00042027966217103325
