train,val
0.00031856907402496996,0.0008665664811986431
0.00023497236714928535,0.0006556608621236671
0.0002052048903367891,0.00041380138709032707
0.00020955152230788687,0.00037114333347257133
0.00020008357419902764,0.0003132664769114142
0.00019137290653426992,0.00041831894605306644
0.00017600556048515015,0.0003589504715331503
0.0001628921347215876,0.00047907239781309636
0.00016210938860577247,0.0004373774696643417
0.00016258317468242672,0.0004381233794065074
