train,val
0.00028737755288396675,0.000614304856055136
0.00023060247464753492,0.0005366261264208479
0.00020802457402823552,0.00046264050360005586
0.000205383450863154,0.0005392184999515808
0.00019322121767077112,0.0004642266653388725
0.0001818448178788759,0.00086053172708489
0.0001703876646592853,0.000675043235009914
0.0001551097388296152,0.0006601873020121855
