train,val
0.00028258638058240086,0.000533717110013529
0.00020610922748917526,0.0005496065761768778
0.00019583320019417037,0.0005450387777515231
0.00017894247733474814,0.000495514365336263
0.0001723131117626953,0.00041380287509762496
0.00016584354306973192,0.0004172838715859019
0.00015673749247438332,0.00042910046006340146
0.00016023617798479543,0.00046281572184257426
0.00015486724551652456,0.0006164943398361298
0.00015230885341382112,0.0005692474537452837
