train,val
0.0002281255249223289,0.00043084705336129275
0.0001857223957139461,0.0003051250111962029
0.00017057230562474726,0.0003693577904895379
0.00015938053655586602,0.00031707286939638215
0.00015808460570722855,0.00040184400475719366
0.00015095426261222783,0.0004596355786460386
0.00014932778173516067,0.0004413748806721254
