train,val
0.00033003945461777123,0.0005030511688918974
0.0002266251149462561,0.0003885647131630204
0.0001936910775224952,0.0003408569170015463
0.000182916604763865,0.0003548390363281712
0.00016210737652643033,0.00034552956175038353
0.00015921784342120895,0.0003787423664584985
0.0001612673252313809,0.0003885112210227555
0.00015553673405754704,0.00041544791159355926
