train,val
0.00034352781234789494,0.0008200458763135855
0.00026074902863253537,0.0006413666604877114
0.00022437591270696764,0.0004892639065003109
0.0002264336767259154,0.0004349333450342436
0.0002210311254446002,0.0004176465502777639
0.00020322081063376272,0.00047310449475543526
0.0002040490085244237,0.00047426224763047877
0.00018606912885679906,0.0005259561073851584
0.00017569988059158964,0.0004508840489415234
0.0001815342774521979,0.0004194033055630322
