train,val
0.00033310146746544795,0.0007748696916416729
0.00024144560066167986,0.0007269740711524182
0.0002121370373748773,0.000514545225754603
0.00018110238023679302,0.000650779580060483
0.00017773376632278427,0.0007670660070027434
0.00016876992904651665,0.0005494465823051822
0.00016387757568470747,0.00080181752617254
0.00016394433292808578,0.001610346127975606
