train,val
0.0002700623750126933,0.0005508576828303732
0.00021210066861565647,0.00047589952046637074
0.00020269717901274495,0.0007721022578324124
0.00018906394376431342,0.0008306169560376514
0.00018560956839451954,0.0013021198710834985
0.0001793293203494247,0.0007540791738774979
0.00016240833701967793,0.0011771164874148055
