train,val
0.0002656164471385401,0.00037596481583800664
0.00019952688897870863,0.00038284290295068524
0.00018432419053150096,0.0004547225129288669
0.0001823404442922124,0.0005647544833967307
0.00016856922544196377,0.0005223458128044065
0.00016357575662928056,0.0005948187296609461
