train,val
0.00020892201129620405,0.0004905720458390265
0.00016968795539461104,0.0004844213701368363
0.00016616493695889678,0.0005138870080549391
0.0001499449327085301,0.00033489934236490465
0.00014494704415870147,0.0004333288926194027
0.00014627257572513588,0.000361881364579145
0.00013792025860681384,0.00043106701894744516
0.00014625682058624453,0.0005103004322395235
0.0001379479782626028,0.00041445658068284025
