train,val
0.0002484163767765695,0.00045326093265067103
0.00019265895860655287,0.00034216336168581805
0.0001814174620843216,0.000372297392476762
0.00017791610701415749,0.00043086048469095337
0.00017509305455423797,0.00037328218776100776
0.00016991492069667795,0.00037767210446938357
0.00016910369778649738,0.0004265278402347334
