train,val
0.0003415294671501326,0.0011739008884486632
0.0003297279262461161,0.0009238474579914884
0.0003142380174467166,0.0007312324228491087
0.00026954751624445715,0.0006894636317156255
0.00025935840708927126,0.00048293890551362624
0.00026269376915499,0.0009274564744212993
0.00023985350750774695,0.0007023322321080795
0.00023844161644532335,0.0010598602288262233
0.00023839275318161474,0.0009147981851556859
0.00022365977303589264,0.0006830843727477579
