train,val
0.00021624656130457264,0.0005753045210073762
0.00017124892370615067,0.0003557181728688879
0.00015928427940915224,0.00029909961520113796
0.0001551434236135366,0.0004984534313846145
0.00014821564540379146,0.000533520350989734
0.00014868597542920514,0.0004923730020171781
0.0001528943101338424,0.00034898488183571577
0.0001454736091514294,0.0004315531575799377
