train,val
0.00035724095447072917,0.0007989641221716712
0.00028395250846966624,0.0006028075494338456
0.0002384213762913676,0.0007641048395919124
0.000247921279891206,0.0005688265892988986
0.00022922594856050708,0.0009264407335060713
0.00022991126026621216,0.000651652058537274
0.0002315912436650336,0.0005963350906457229
0.000246245563686126,0.0009429698131380522
0.00022160627565145338,0.0006824529720047362
