train,val
0.00022426222292545213,0.00044121522913211146
0.0001841218119722248,0.0003610441571504782
0.00017062243646479873,0.00033281913774640156
0.00017611665851981336,0.00040369444249718333
0.00016115082066233744,0.00039514076967822365
0.00015711872671375158,0.00033345073019966327
0.00015808656866751687,0.00042278936915125456
0.00014941116149892871,0.0003405580445149204
