train,val
0.00029139036386942546,0.0005905024714276964
0.00022706506235994206,0.0005855085540436752
0.00021613412352491663,0.0006549985539648966
0.00020395268733828227,0.0011848997515778099
0.00018605170285079876,0.0015425765026441734
0.00017627405019794037,0.0018620004262049697
0.00016928754513769197,0.0009733156846883451
