train,val
0.0002170643082398711,0.0005266874138803413
0.0001820236799689836,0.0004537738629604813
0.00017460612039946858,0.00046249535476175984
0.00016891494650042124,0.00046828149210983506
0.00016227753617680484,0.0003832025272191351
0.00015986434475295198,0.00039100727682286077
0.0001527766977959401,0.0004113702358582112
0.0001485699162095188,0.000541729891932953
0.0001444114312732427,0.0004498268771224984
0.00014146553960783174,0.0005647004254569765
