train,val
0.00026867317006554865,0.0005713208471245858
0.00020580472491168832,0.0003809234053062564
0.00018575133434904425,0.00042711411749400436
0.00017680151919931565,0.00039461287208890513
0.00016362431607703037,0.0004128920346103258
0.00016227148699246355,0.00040577908027130137
0.0001594430001760735,0.0005862136875558797
