train,val
0.0003044402020962172,0.0007437216321494012
0.00023232220292556508,0.0004597039654902841
0.00021762033288200163,0.0007592202858612164
0.00021346043533196815,0.0006335439883896734
0.0001989018036668005,0.0006421942827359273
0.00018599044984256966,0.000898137710042858
0.00018499659167671962,0.0013083743167268383
