train,val
0.00023716995499287327,0.0005877819218584191
0.00018891159435916445,0.00034521001582594156
0.00017290811865437568,0.0002856843021060459
0.00017469378679763178,0.0005634763415580748
0.00016209628004013103,0.0003309518773522482
0.00016021955042926474,0.00034696175077815564
0.00015163084053273346,0.0003699323198723034
0.00015746781652389432,0.00047254041678840405
