train,val
0.00023933811264155975,0.0004125110510453229
0.0001875179031231925,0.00044523937907692826
0.00016318948339217844,0.00041509000596424354
0.00015482394663908825,0.0004154923730484959
0.00015799083690100926,0.00044920067050448816
0.00014473548300404738,0.0004241218508049831
