train,val
0.0003875544443450845,0.0011061964599602427
0.0002973988340553163,0.0006566359794083288
0.00021484542248910112,0.00043678161593378316
0.00018482257249704273,0.0004572853044101721
0.00017720977229286906,0.0005720127779542257
0.00018745227074385302,0.0005611156136556085
0.00019477527311735082,0.0004951587937893296
0.00016782367889058144,0.0006630830020767724
