train,val
0.00038190771028335,0.0010785217706934876
0.00031964585700542254,0.0005691309531321559
0.00023989717898116773,0.0007646141378273183
0.00021937732022827815,0.0004890983309483974
0.0001897086578113736,0.00040825435189781144
0.0001914873844586825,0.0005965971848310291
0.00017397859066765496,0.0009525996509153288
0.00018309341938090677,0.0007656834185787938
0.00017576362483073975,0.000510891809187715
0.00018244473264399246,0.00048741853716040973
