train,val
0.0002646265850157634,0.0003958568762715763
0.00018129883751429252,0.00036777890984025715
0.0001592060172895894,0.00034953236192070776
0.00015596515986041995,0.000404609649620057
0.00014921522894201168,0.0004257107836087762
0.00014645556371688993,0.0004697670878348284
0.00015102298329665396,0.0004723424968007565
0.0001505552954672303,0.0004290449362395638
