train,val
0.0002814704289808727,0.00047871699616293325
0.00020240517419114335,0.00046349208415783237
0.00018693020170568495,0.0004064200954070388
0.00018615318635381312,0.0004362650100466722
0.00017006111315622253,0.0004275854182144436
0.00016826595626389298,0.00048226649190798377
0.00017064336169584303,0.00048251673103923235
0.00016865561859457322,0.0005649695509850808
