train,val
0.00023780821678517097,0.0005473226920003071
0.00021076925579253177,0.0004157146159901886
0.00019902027885672127,0.00039319081235375693
0.00018095014446634124,0.0003652575431073381
0.00017279134121047542,0.0002586107397933922
0.00015857778989092033,0.0004738839815592441
0.00015374358609380133,0.0006677818525852618
0.00015010130321590242,0.0005323561066929602
0.00014364481545572685,0.0005747056318475242
0.00014721681030442865,0.00048667443723067716
