train,val
0.00023890306002374392,0.00040885123920776856
0.0001819503405619566,0.00045921965698758057
0.00016083010239738464,0.0004295110069401646
0.00015829964530247816,0.00045605878398641476
0.00014921973762033232,0.0005680858378601972
0.00014679725292788515,0.00043553103549508947
