train,val
0.0003051333466130031,0.0007660746721186391
0.00021505830307223537,0.00046431676919646503
0.0002011299339271887,0.000522149548586363
0.0001987486891729525,0.0004407683787886144
0.00018304129033979428,0.00029710388894338814
0.00019060672047344792,0.0005169289756718238
0.00017706961084464678,0.00039477001996931284
0.0001731928574861531,0.0005836526128787491
0.00017080408127335855,0.0005298805742010396
0.00016372140849090893,0.00035189019266566163
