train,val
0.00023777530481063438,0.000645379675929133
0.0001793336424310078,0.0004475923620611211
0.0001683157805860319,0.0004113594766998523
0.00016196825894196094,0.0003794990480796743
0.00015822987351938366,0.0005756745407675128
0.0001481245530537959,0.000489195344127713
0.00014579322407028668,0.0005586272205789146
0.0001410827898190445,0.0005393134330700005
0.00013955172774088908,0.00044840222228571385
