train,val
0.00025166920349222296,0.0003882113735070882
0.00018023431676939583,0.0003668498693252541
0.00017393727543325683,0.00042815681432631147
0.00016014036275528956,0.0003214450416995245
0.00015163579577859927,0.00043456733945820017
0.00015361030388906985,0.0005396076644534306
0.00014623518021506982,0.0005622731612236735
0.0001554970573635417,0.00047772877380286853
0.00014253851192615863,0.0004697781684574189
