train,val
0.00035271249060808295,0.0007715502603702111
0.000282554311336239,0.000740613184647497
0.00025077618211350345,0.0004547815500023167
0.0002488208030808769,0.0004341093566617012
0.00020951713922091617,0.0004311169650300275
0.0002091565534537941,0.0003645636121747701
0.00023273253265576531,0.0003968815781132539
0.0001930354123452156,0.0004140888287215701
0.00018525144067055418,0.0004645003600737202
0.00017892861758981847,0.0004587835323062588
0.00018197254845948234,0.0005094846192003505
