train,val
0.00020022058546329523,0.0003754908041864739
0.00017190354372633704,0.00044689054887388555
0.00016395964513533866,0.0003302042096152854
0.00016179048716325226,0.0004224689413867571
0.00015861839618532992,0.00041277510437709203
0.0001528352171922975,0.0004332362045912148
0.00015256281773231352,0.0004471252594001487
0.00014659953756941723,0.0004033410795888139
