train,val
0.0029843276846839638,0.003429675538567468
0.002109915576231567,0.002314623725116969
0.0014693082987378148,0.0018022592371730402
0.0012366129588092288,0.0017489271901397912
0.0010853950722181393,0.002221445791991965
0.001203256462409067,0.002080676131859386
0.0012797257571806908,0.0025263269221445974
0.0011523361803868354,0.002472966879185361
0.001133074634883367,0.002629793841221656
