train,val
0.0032723759152129507,0.004727572086267173
0.0022608124266193606,0.0034787630496654087
0.0018209147170951978,0.0020482966020398843
0.0013682358786144715,0.0013694085170685027
0.0011458958177767132,0.0014133800339970128
0.0011125542812526245,0.001094994047469719
0.0010366021046523271,0.002047531256231685
0.0011245065464453757,0.0015873181738033264
0.0010107032753344707,0.0015273577349804467
0.0010100407832501683,0.0013956779797668927
0.0009960360777698113,0.0014623067194266836
