train,val
0.0017103284994551594,0.0014997546400256677
0.0013618801221186685,0.0019821496243121847
0.0011362367047235242,0.002151265436186105
0.0010469200826124982,0.0013017401902726095
0.001096104487449914,0.0009470291336828478
0.0010097544928226434,0.0006948827736568302
0.0010828868752855178,0.0009842126682997332
0.0009824951735692062,0.0012688607170048272
0.0009181427317180482,0.0015063740244771068
0.0009022273640169193,0.0013162407137245352
0.0009659597726382492,0.001301358709217591
