train,val
0.00323683507429105,0.003907195093163934
0.0019299490539573037,0.0034790989387916992
0.001493521967003193,0.001873664803007649
0.0012693887466907173,0.0018979849853447096
0.001210988311444138,0.0010801217104017269
0.0010842584017478447,0.0014277443023659614
0.0011350678930520748,0.0017095945300192956
0.001003537481059661,0.0019810404243903925
0.0009573015573614349,0.0013837293323341817
0.0010173350184437334,0.0011466756045767678
