train,val
0.0020462942253166496,0.0025933220191431106
0.0011661451244173384,0.002200850173809298
0.0009091816564469249,0.0012463348064627028
0.0010387300714044684,0.0010735130457095903
0.0010071521738924416,0.0008523347722495181
0.0008734812766813496,0.0017708761440644594
0.00092274953554203,0.0009035163256367713
0.0008375689302008246,0.0013894331808877235
0.0008287927457502064,0.0011166434298082516
0.0007540926820778482,0.001187029654584666
