train,val
0.003342889757697356,0.0040712235993571365
0.0021837704797725076,0.004768047246146195
0.0018036364892019753,0.002613983480562008
0.001512281089381199,0.002277693246679309
0.0016366679950054347,0.0022052543538918076
0.0016122027409612482,0.002719529323467913
0.001353221546603086,0.002338343310559419
0.0013253075044741098,0.0023170187727933247
0.001374732194344338,0.0027354223185774083
0.0012198685148300332,0.0028265960695884693
