train,val
0.003008318131973143,0.0026269842055626214
0.0017683525041128144,0.0013024143509727975
0.0012708862965120295,0.00201353447276303
0.0011155538018101652,0.002250128688991446
0.0011193669329171685,0.0017850888736854987
0.0010499008780365888,0.0015984345104348345
0.0010637334362749802,0.0018014745487912127
