train,val
0.002051627512829467,0.0025696269832014176
0.0016351986822568366,0.002290812418393146
0.001416431219030738,0.002155805291504993
0.0011183903156087092,0.0025276189945333707
0.0010453783437382159,0.0016487872462326218
0.0009900747653721108,0.002399701272399677
0.0010147936579782114,0.0020343429771925844
0.0009508938186574876,0.002253128005367426
0.0009220130952354128,0.0019430672722452213
0.0009741910447561308,0.0018851520709666568
