train,val
0.0026232319073992236,0.0028367366019385653
0.00203346823235069,0.001982130533388744
0.0019541817759475702,0.0032054731485774168
0.0017792916491474059,0.002544253424975278
0.001653231699947355,0.002857779449466482
0.0016734326140277307,0.00231316636451923
0.001503746852292282,0.0025221158929735585
