train,val
0.002310719570372245,0.0027922550216317177
0.0018312084665432428,0.0027921990532866823
0.0016119071123319793,0.0018327542213508142
0.0013627292197935066,0.0011238420408447452
0.0013489247840495339,0.0014153780446996768
0.0011229871573994808,0.0022108976561587322
0.0010817210890344052,0.0013754679736079057
0.001200314661358649,0.002092457367955201
0.0011250142940752994,0.0016111302874588335
