train,val
0.0015445754389308885,0.002166903081860465
0.0011141299062077136,0.00150835463556667
0.0010796063906818394,0.0015812626721666534
0.0009880366074744766,0.001344360613214891
0.0010164735987770585,0.0009397198695156616
0.0009104307589845681,0.0012336986474110745
0.0008873386609374953,0.0021055159030276206
0.0009231597362337687,0.0017490309896507265
0.0009792425550690846,0.0017070876119060603
0.0009453254494054328,0.0012854165571088043
