train,val
0.0018862155016432342,0.003034792917735383
0.0013333915228540805,0.0030429973779134275
0.0012991771227057404,0.0010576859752361018
0.0013618918090401166,0.002031395534004332
0.0009219919547656621,0.0012857479100143966
0.0011633444077246552,0.0007822830408748324
0.0009969069789679435,0.0009725226369185363
0.0008867013260319604,0.0014110472862704716
0.0009794151364723382,0.001018900370371949
0.0008174533342289928,0.0013648570502657375
0.0008153427697419164,0.0010293440751463724
