train,val
0.0021540490133702406,0.0036372044392359946
0.0016249073541285514,0.0022243516309222635
0.001251410033196757,0.001586218574979844
0.0010842015339781379,0.0014844980536369034
0.0010855008698364634,0.001290549192232832
0.0010516922063918454,0.0020412710162837845
0.001023569710853805,0.001712261511644241
0.000966397816053079,0.00134625237898525
0.0009562364251765897,0.0018063199761225125
0.0009454367554308891,0.0018240615049412905
