train,val
0.0015274365129366392,0.0019261280579555135
0.0010957421729926864,0.0018362948176218197
0.0011495980020190298,0.0014728605972497743
0.0009507831241054331,0.0013118647964522378
0.001049181079259562,0.0012278621410097492
0.0007872760170751183,0.0007874094315131794
0.0008083672202041306,0.0012952381047958066
0.0007192549505510634,0.0012641069873167838
0.0007745571170403309,0.0009464465162566809
0.0007579156733601604,0.0013165929396144259
0.0007925088952185014,0.0009104103421053039
