train,val
0.005500109161438069,0.007398601701984612
0.004365946806536578,0.005870064093659704
0.003299281371815036,0.00430234131636098
0.0022219895644971423,0.0027289745250107865
0.0018110389624570627,0.0032702255059400788
0.001607576702624031,0.0032377259368121694
0.001430684099029979,0.003310984535626351
0.0014965430624005632,0.003818729439024957
0.0014620519910190173,0.002795621367393044
