train,val
0.002223426720688665,0.00389719299038496
0.001486240867918171,0.0042338860906126615
0.0013271887689694057,0.002463179909275718
0.0011859220432844846,0.0017217126623821654
0.0010468846422683625,0.0016601272928063247
0.0010076759496819511,0.0011770921160387633
0.000910577427088828,0.0014500157319092138
0.0011389658566761578,0.001705244649280338
0.0008456288356189117,0.0018755954327808956
0.0008605570226620785,0.001702263703866545
0.0007703498574570106,0.0018268136014529983
