train,val
0.0023156808107999563,0.0027013850295378897
0.0014686823790664395,0.0021177310663915705
0.0013611131287059553,0.0015916038431057062
0.0013611300602397374,0.003414297786828404
0.0012016449392061846,0.0011623206140099613
0.001209816589598981,0.0016676501377332897
0.001368764941468306,0.0014460191502551495
0.001261251339507488,0.0014389875465125302
0.0011956384315768586,0.002234015217744365
0.0011399329822989574,0.0016849728057982598
