train,val
0.0020517351213654297,0.004431089019187941
0.0014303600810395578,0.0021127369557059584
0.0011381479934934409,0.0020388131508577946
0.0011126032435894418,0.0015047177983153514
0.0009837565405894986,0.0008669440026096709
0.0008995906243985002,0.00097810070372781
0.0009383490563987624,0.0011105034037217803
0.0008438239147931898,0.0010329020948260082
0.000742272931050208,0.0011250762872805353
0.000724952119360121,0.0008968494585133158
