train,val
0.0012666647257409873,0.001657928718067034
0.0008730995583127091,0.0011628784883179412
0.0008389009396295294,0.0006261132817509354
0.0007853991861363869,0.0006624721486988305
0.0007212818667498438,0.0007217712900586986
0.0007481844377001432,0.0005065810861489913
0.0007476648483852535,0.0006604651223369729
0.0006952247919979999,0.0005091558882930678
0.000692390621304858,0.0005467009750471055
0.0007161173873293172,0.0005578994415950197
0.0006836689052178713,0.0005628328755208783
