train,val
0.0012564037938154928,0.001401026712843444
0.000990695312213675,0.0010191276175795304
0.0009126526035841302,0.0012358051279499284
0.0010139278331754743,0.001434521893613167
0.000899864973129018,0.001246649932629505
0.0008633137770213549,0.0011035036105664193
0.0008883730290175973,0.0010442362258581501
