train,val
0.0015095393838756303,0.001766403936226897
0.0009388359251757323,0.0015190130993774941
0.0009378070777743243,0.0012486182079363482
0.0008917983768522529,0.0008451456599669444
0.0008367450690319784,0.0005452406203141016
0.0008145156883257586,0.0005424131851966124
0.0007769348386194278,0.0006339345876977649
0.0007987964863901561,0.0007698967896815772
0.0007832505629789321,0.0006759304961511029
0.0007352758849762507,0.0008535803469315467
0.0006941342368767921,0.0006773133823204402
