train,val
0.0029615567352720973,0.004584541521930637
0.002422288171426492,0.0032846865248687277
0.002063094606919199,0.0029896471600155705
0.0017622046813043058,0.003878041977609078
0.001730325214793993,0.0032354334236095804
0.0016972552969211673,0.002029765241716702
0.0016924687727518735,0.002032264063438141
0.0014825066222888732,0.0027563653950962294
0.0015508095087940232,0.002674923146304746
0.0017495612933264336,0.004215327382413447
0.0015998015933991366,0.0022480570618287087
