train,val
0.001133606036912968,0.0011543214465413816
0.0007757652073411768,0.0009178383816980876
0.0007318065207692648,0.0007153500226418321
0.0007813821908075406,0.0005396368616656078
0.000737420692116179,0.000570418971025132
0.0007474583989119255,0.0005467752103396168
0.0007368921250852889,0.0005707969059777987
0.000688272375385122,0.0006555263548368482
0.0006721482591884945,0.0006269130183839549
