train,val
0.0025934499703558125,0.003725083117107995
0.0014464430584072174,0.0031164512860274184
0.0012549363253198792,0.0024818573706747536
0.0012565392144359487,0.001448817207486942
0.0012228561401151149,0.0020198224978790116
0.0010365635196631746,0.0006921667675039946
0.0010089125224444966,0.0013186539805386788
0.0009072598638095559,0.000905204889232454
0.0009094910830684127,0.0016041347441317227
0.0008144211666726383,0.0008407736766877441
0.0009853004744924804,0.001127078794525005
