train,val
0.0010944606367191475,0.0010434834424498918
0.0009009144645715947,0.0009004422654907802
0.0008757152280298474,0.0007694404644623249
0.0007744984408052117,0.0007689100412011823
0.0007261420570131281,0.0005125100877504652
0.0007501851513638689,0.0006286021955037751
0.0007389744334423456,0.000673874250323409
0.0006897964452623531,0.000554989056271237
0.0007430390991249587,0.0005547853315262658
0.0006724364933709496,0.0006230191348033889
