train,val
0.0013038940027087914,0.0015913105777284587
0.001084444702735827,0.0008049692487387661
0.0009877323596686719,0.0012693887288325921
0.0010023179834075667,0.0012537966787074485
0.0010190523784782638,0.000815620465660826
0.0010289117819882437,0.001784101431509883
0.0010210522999507788,0.0013505658321964103
