train,val
0.0011699687134441295,0.001345111158570944
0.0008999498285364891,0.0008998796588632383
0.0008600233803878686,0.0009481541579947799
0.0007521896423580508,0.0005960894832679304
0.0008031950420555497,0.0007642872477093149
0.000787267557442771,0.0009470213135063415
0.0007148903383588838,0.000795242268531218
0.000794642899137375,0.0008212768616781082
0.0007165787459570152,0.000934140187347601
