train,val
0.0018947613375667278,0.0027003809201722527
0.0013294107281041079,0.002180804535643032
0.0011778539955489447,0.001482514103302562
0.0010473142594564094,0.0009098093452778882
0.0011199340174036147,0.0011149075944208912
0.0007657270481375305,0.0007466475474127667
0.000811684545649445,0.0009379083840730556
0.000804689924813409,0.0011197815902750546
0.0009224351834847566,0.0011681570115167862
0.0007962823825686463,0.0014498864546532366
0.000772205069489692,0.0010874248106959455
