train,val
0.001477099754362784,0.0019873055578920264
0.0012101405222631212,0.0018785271476050324
0.0010594735815646333,0.0006524347144862147
0.0009484839812360381,0.0011226476222138725
0.0008492479646236688,0.0006523073032685016
0.000845711424493512,0.000897121958994026
0.0008741576688390356,0.0006951228955446053
0.0007092053550118606,0.001053625689031343
0.0008048642135010413,0.0008000490793515033
0.0008052444628780819,0.0007410320445859935
