train,val
0.0028149471539878645,0.003625238099350379
0.002444424896426566,0.002823573098374674
0.001989450262954051,0.001956304991976
0.00159655365076525,0.0017680055551374187
0.0012407945757961268,0.001689569673124844
0.0012456742022970081,0.001724972293371908
0.0010977375991737621,0.0022075529609887432
0.0011099829336602013,0.0021008024067179156
0.001117396272827766,0.001906659812867964
0.0011087434411890102,0.002025591537508612
