train,val
0.0028934081430564288,0.0027770097445821962
0.001781379582693122,0.002876977794445478
0.0014321203365433087,0.0033689585543470457
0.0012819746252367063,0.0026285780913894996
0.001426622642366755,0.0021011148715982786
0.0010604753819314704,0.001496606892872548
0.0012581274887417328,0.002391984117611383
0.001222116382074581,0.0021461927502129515
0.0012434229166466628,0.002250748308142647
0.0011690424680287274,0.0019825422149062012
0.001127760612951953,0.0015153088360630835
