train,val
0.0013219122569672402,0.0019510538815596262
0.0009967168713886237,0.0009426237270942623
0.0010079406311351846,0.0008414496373741433
0.0008385501174927867,0.0006470934635689656
0.000796505039186439,0.0010063992201332019
0.0008447816340501154,0.0006803519845212017
0.0007977792838278657,0.0010248476566385551
0.0008206355843240177,0.0008008557972866234
0.0007795477258849377,0.000665628789848737
