train,val
0.0011449966151550128,0.0009644275109551997
0.000828232413357373,0.0010382982753578919
0.0009080394798779849,0.0007889352379886707
0.0007388549343053394,0.0005670886510660449
0.0008801201965462002,0.0009550304802220266
0.0007471739884845661,0.0009072549751356116
0.0008212639666478551,0.0006234662414499326
0.0007129147353526546,0.000670382723106181
0.0007408761159875068,0.000696714643726619
