train,val
0.0018163181441574001,0.002354245001435209
0.0014421387786766305,0.001490802670454846
0.001095021956252013,0.0016525403789186244
0.00108761926634534,0.0012734745819128735
0.0009480290925371657,0.000652542675858023
0.001046637814441672,0.001147669599731671
0.0010329780687969175,0.001032665548354299
0.0009214352115061677,0.0012881881511055747
0.0008896302471507275,0.0006692044900354141
0.0008859801838787881,0.0007598180502904702
