train,val
0.00182944272938812,0.0028341583892352693
0.0012767733085325972,0.0014501033154007159
0.001296641233579976,0.002060396711473144
0.0010299915399711013,0.0017930247093256814
0.0011017709337918491,0.0022413715811091185
0.0010479740310463863,0.0005247600839678713
0.0010384151951486642,0.0009165260846657475
0.0009720131043068775,0.0007626738704927377
0.001024994480924481,0.0007291375138458114
0.0008298466765720692,0.0010448725585005237
0.0009136443676337736,0.0009879075206264622
