train,val
0.0015171919246882589,0.0020379051047362175
0.0010657091816950186,0.0014127225574699109
0.0009709227069550479,0.0008412643382616108
0.001015001235324274,0.00099238183724555
0.0009874439561975187,0.0007015812712657302
0.0007412002028224283,0.0012128102026998443
0.0009182184487746664,0.0008058466729345617
0.0007310319924225443,0.0007217605437097938
0.0008434805796624336,0.0008574110845179698
0.0008494719092516307,0.000836042220822282
