train,val
0.0014375201465024853,0.0019964308285234877
0.0011220245008465375,0.0014307055056830783
0.001012040167111095,0.0010241187001704393
0.0009726396277677544,0.001110589906953048
0.0009549686787431164,0.0008443938089160849
0.0010144564028713183,0.001254545562761746
0.000891031965563668,0.0009471320397962524
0.000861026497087433,0.0011368972124059893
0.0009400509170122463,0.0011564221317328987
0.0009622596398707878,0.0011481777342434878
