train,val
0.001482725580466671,0.002921335137567023
0.001124882328462285,0.002020561170668891
0.0011586103184162402,0.0015820675628247154
0.0010621545448125439,0.001863265240965383
0.0009674635387389506,0.0011170608562328613
0.0008801113214059325,0.0017830476691930257
0.0009387111588942638,0.0017726427238769073
0.0009676092292613395,0.0011669591376740284
0.0009276151718709785,0.001304261843903209
0.0008824039102648669,0.001244536260483402
