train,val
0.0019411246744243658,0.003520309692599351
0.00152686076604483,0.004427010594477599
0.0015646119892145172,0.0018324327557130314
0.0014607033431261684,0.0020554684015223756
0.0013386003530141207,0.0034365806422134615
0.0014079031106757338,0.0024387439003169357
0.0013493930549100823,0.0031348620643081838
0.0011295236747020528,0.002012740524874226
