train,val
0.002936929182973605,0.004564946558093652
0.0027034368262010082,0.004596783249871806
0.0023036592925874595,0.003909461031435057
0.002027790864703115,0.004519766691373661
0.0020287575989197826,0.0031024641604744828
0.0017760945780404343,0.0032056944764917716
0.0019853949446015334,0.003947076830081641
0.0017355864926308065,0.0035693776939297096
0.001985511922834032,0.00460208134027198
0.002028521313970886,0.0034191238111816345
