train,val
0.0014285582920914388,0.0030008465877779007
0.001152881722877741,0.0018216806105424822
0.0010858800011976073,0.002161212880167453
0.000997507588340955,0.0013857454663681334
0.0009757613603215833,0.0008250342754807383
0.001082670640965073,0.0011330774451566703
0.0009948738588281703,0.0010332887236965843
0.0009020222703240817,0.0010689207951123448
0.0010191560387876645,0.0011317385479380764
0.0009491583941739877,0.0010122747595912177
