train,val
0.003229763890686161,0.004821177775738761
0.0030794716360283128,0.002976751758251339
0.0024368234004302903,0.003789795222110115
0.002240457825104297,0.0038413994596339764
0.0018724825369157239,0.003218308094074018
0.0017621930717545981,0.005328010258381255
0.0017582275132753704,0.004660601954674349
