train,val
0.0038137929053057205,0.005850977999748799
0.002960297145079264,0.004857726191758269
0.0018796536126621985,0.005351059664773368
0.0020435179007086755,0.0025419520772141744
0.0018560564648100533,0.0029460917721735314
0.001745662990594928,0.003112673006310105
0.001618816429653229,0.0036749631706298694
0.0017971032453956523,0.0026455308967653275
0.0016248971949783273,0.002765925997930647
