train,val
0.004622615778338868,0.007599383016349747
0.004443972202574425,0.006973372487118467
0.004120353959634241,0.006349944905377924
0.003696480700810065,0.00599010776495561
0.0033722272605589796,0.006449237989727408
0.0027453501622026455,0.007014425355009735
0.002565645825464943,0.007017232710495591
0.00216827412645571,0.007071347488090396
0.0020185981240235665,0.007011390326078981
