train,val
0.002813981695415197,0.004353076909319497
0.0019864437739429324,0.002752805594354868
0.0015265442185212245,0.003578477361224941
0.0014649489545175687,0.0031818439176277023
0.0013155954476976796,0.0016720759285817621
0.0013134712536124293,0.0021037586137026667
0.001255622327915766,0.0022295100170595106
0.0012195753071908432,0.001989426557156548
0.0011880661825572649,0.00183196516973112
0.0011809817092124646,0.0019425002505158774
