train,val
0.0023038772829772004,0.0032340170428585956
0.0014841740777907933,0.002563604946150984
0.0012304091539332936,0.0024666890941905254
0.0013112345506385052,0.001980373435843631
0.001261649531443254,0.0029111675400000842
0.0012743334865339727,0.0025818107139302143
0.001210785603223441,0.0024855348223709593
0.00119449911934713,0.0021989748520132796
0.0012370124886071706,0.0021283880201602785
