train,val
0.0018330142984200118,0.0040079134096341
0.0013509141034690523,0.0032980841843895923
0.0013061899986025244,0.0035833405238381274
0.001114986099494957,0.0017558762738190126
0.0012548024491704371,0.0013277774597959962
0.0012251066170224257,0.002063365825895481
0.0012315787657360443,0.002090850592862972
0.0011251955977732873,0.0018772781836395803
0.001209072321720866,0.002270167876884947
0.0012322912257222486,0.001771348017471785
