train,val
0.0053403328451474726,0.006413352210074663
0.0036888912842318474,0.005341014515313252
0.0030984031955304967,0.006006341880803541
0.0027068655887986493,0.004179214431709758
0.0020594809306071897,0.003097886252606525
0.0023051170895974703,0.0031227893533224875
0.002144700406526944,0.005011190159055376
0.001948916058192634,0.00570562167629804
0.0016692875753330763,0.0035465257335489716
0.0023891441836982616,0.004412833951192159
