train,val
0.0018034812666050436,0.0020999301556091777
0.0013859272832622037,0.0022147023417169185
0.0013309499110717691,0.002028225548290321
0.0010990406557298174,0.0015509308031163883
0.0011150268742093463,0.001338051370378419
0.001068770744276695,0.0010984471281095998
0.0010702928230313707,0.0013423468203765834
0.0010502838095181872,0.0014313390323567124
0.0009737606640786009,0.001422428529533535
0.001008698492547322,0.0016875423426404822
0.001011842969486438,0.0011278619022937718
