train,val
0.0017431170876210803,0.0023421569998149554
0.0012613049974428217,0.002111353543804431
0.0011804499133679703,0.0012637097299967174
0.0010246803511452871,0.000956900032770684
0.0009671059060811122,0.0006797328332940667
0.001046827704186882,0.0008142941177736127
0.0009746256274799113,0.0008638355901187325
0.0009385923511753015,0.0008847428425669713
0.0008633994868525499,0.0007440685152117561
0.0009071959706988809,0.0010943716066453434
