train,val
0.001595696859372115,0.002263624972833183
0.001162254543248525,0.001904754120827069
0.0010671823620774026,0.0009082376058994482
0.0009547225195010387,0.0010863559357102235
0.0009725912595353588,0.0010177758405302759
0.0009073042329387559,0.000748556408314427
0.0009983369544626112,0.001050970223375946
0.0009004687099696275,0.0009373889441351832
0.00084397181568043,0.0009568666698970742
0.0008691770175650239,0.0009481490400152741
0.0008403170362884497,0.0011492833906144018
