train,val
0.0037733343296411743,0.005859491927549243
0.0037192839884416418,0.005093059025239199
0.003058456439204037,0.0041461629909463225
0.0026788263567141257,0.003749538480769843
0.0021728806848220366,0.0046258859452791515
0.001809272709534725,0.004112175339832902
0.0017092175396278546,0.005032002087682485
0.0015415509491193493,0.005564075359143317
0.0014239493294309529,0.00475712635088712
