train,val
0.001994630571400532,0.003598844208572262
0.0013392510963981309,0.0029344844128845362
0.0012729187935590133,0.0025513386937680215
0.0011104149386261958,0.001532594591667311
0.0010734462461413612,0.0014607000403851866
0.0010732889626819382,0.0008256089783670571
0.001022578631822857,0.0009820821022288558
0.0009372475922771753,0.0013950897426030975
0.0008408558077552788,0.0011439071551364347
0.0009162003761029135,0.0013441004470311224
0.0009249864578022324,0.001230308365606961
