train,val
0.003314392962331485,0.004576018332378092
0.002156626530274688,0.0038471556192412317
0.0014437525358582469,0.002358486980239565
0.0014875159908915082,0.0031499229584502557
0.0013627561797930176,0.0038434081644681565
0.0014069567564657048,0.0025363273410376436
0.0013675111632843056,0.00240630107199228
0.001178608996401252,0.003087526366182762
