train,val
0.0021346052453846353,0.004468906858055123
0.00154540888129359,0.0036318543541009525
0.0013320301417765912,0.002248757517951294
0.0011911335831118449,0.001746062900806519
0.0011306127652171408,0.001716323901121771
0.0011152831259920847,0.0010837025601538326
0.001023986962432484,0.0012726627688739044
0.0010008935588119304,0.0012516523915526551
0.0008992753481264566,0.0014879983294790635
0.0008981036633798225,0.0015083411899139314
0.0008959022698008884,0.0015637750059477732
