train,val
0.003741542988868184,0.004488469412757606
0.0025783475373345826,0.006434605627696217
0.0024491408233966853,0.004632132583781906
0.0020012046284739564,0.0045586123171854455
0.0019646678237584267,0.005974862753735179
0.0019804881953585933,0.005055043324718121
