train,val
0.001462167814312475,0.002691236026471526
0.0011234423665104785,0.0015652570277225318
0.0010869152627558186,0.002190160956205346
0.0010560814808817974,0.001830433013354905
0.0009552791253192854,0.0017897227030849402
0.000988014854775396,0.0016555033727810242
0.0010023046031756714,0.0017914073179737188
