train,val
0.0018659892955267762,0.002926682721660753
0.0013089291455621428,0.0018352080451989761
0.001267758204783484,0.0019015994500028704
0.0012012676397771484,0.0013924487256332784
0.001198593923473564,0.0013325603431604326
0.001165965627303929,0.0009730388384090781
0.0010891488460584879,0.0013424065023337538
0.001096719881096468,0.0011518098208727174
0.0010670976249531196,0.0013439498076209075
0.000998249492599402,0.0010751154356063147
0.0010422725481612498,0.0010652145320347633
