train,val
0.0011237015806859361,0.004486511305269853
0.0011146242933761411,0.0037316507290730753
0.0010799163408986474,0.0038472184976676435
0.0010193512951402052,0.0035976571465342693
0.0010561306532086878,0.0034240893196178282
0.0010497977877345973,0.003287590715023348
0.0010229366032408179,0.003624269214924425
0.0010295152776589349,0.00334407436723889
0.0010078640232031063,0.003429330554620431
0.0010078120891106313,0.0032953818019184214
0.001023193448335986,0.003532085339141237
