train,val
0.001190809226395126,0.002816307282002351
0.0010830335247626387,0.003478151854970605
0.0010142258461187325,0.0022749197423873268
0.0010796677604550998,0.0023422641716462685
0.0010473666828505332,0.002466626106957759
0.0010418264087762269,0.0025424099329533615
0.0010055210446540245,0.0027672535177398786
0.0010451200640025425,0.0023055411173950836
