train,val
0.0014204302324953193,0.005555458436720073
0.0013157093938988087,0.005526948824990541
0.0013630200609019616,0.003594831452937797
0.0012627925655290643,0.002860727423103526
0.0010819752598053593,0.003308195248246193
0.0011153319804778708,0.0033980005042394622
0.0011653365504682325,0.0033537892377353273
0.0011332214687682586,0.0037606269266689195
0.0011185821759437846,0.0030440313028520906
