train,val
0.0011889088358296798,0.003949451945786622
0.0010498553791474987,0.003080743470534974
0.0009945033417180468,0.0025212637859562143
0.0010126978107754174,0.0026206071506091676
0.0009898955999255144,0.002455463561934913
0.001020618684072964,0.0026439670955478944
0.000983216883302536,0.0026189670484254965
0.000956975496384777,0.0025274414018270595
0.0009889223616816132,0.0024640600721061467
0.0009528101546741275,0.002461934704312505
