train,val
0.0011230944887537621,0.002804182396730317
0.0010594250488903056,0.002481992292237786
0.0009898213395801183,0.0025098046739358546
0.0009891804856376537,0.002478458613395782
0.000977160464292657,0.0024884665035642684
0.0009619147244628981,0.002179934935666984
0.0009860301809085177,0.0027648529993290673
0.0009746387649189624,0.0023715087630013687
0.0009876331743934239,0.0022524222518635413
0.0009732190096601479,0.002539109176013437
0.0009689358857392645,0.002463411537663466
