train,val
0.001205030066919417,0.0030692515651380967
0.00112718276364743,0.0027284389225980437
0.001028747833340484,0.003028431712265024
0.001003494017910621,0.002122001022365932
0.0010475587374972988,0.002361953296136429
0.0010059975994211648,0.0023432272051960774
0.0010339170923478116,0.0023781558572919474
0.0009922253209835442,0.002723882772332262
0.000976355020063775,0.002967993771407481
