train,val
0.00128674885415118,0.00405159223044897
0.001119542885301765,0.003450661413764289
0.0009995963535992494,0.0031268836683888235
0.001003665184564691,0.00332537540325794
0.0009911775769123833,0.002839785336246097
0.0010129249084506278,0.002571323659644092
0.0009548150850463429,0.0025758408400979095
0.0010022659008528637,0.002808073849041374
0.0010047840716348826,0.00303051715431993
0.001044995781757752,0.0027079797421402513
0.0010044136976445385,0.0029094620221729265
