train,val
0.0013591710715182529,0.003815316707825731
0.0012337934062066692,0.0035907209752533563
0.0011208066344993149,0.0030914930056740826
0.0010800155316893181,0.004207957340063664
0.0011044721496403665,0.0035506108585495228
0.0010886808095384335,0.004232144406670137
0.0011067278942117624,0.003552960519389272
0.001059504861575944,0.0032821401212614304
