train,val
0.001477844296470765,0.004048437359260123
0.0012246783585013249,0.0037673862191185455
0.0011033778239681238,0.0033042868533634537
0.0010817716281973889,0.0032976791008855443
0.0010245937058528628,0.002941511349490611
0.0010434445232887636,0.0031100590984839607
0.0010153088525061847,0.003022059935419082
0.0010113207177732053,0.0032477515374122914
0.000996184343158205,0.0029533746362686523
0.0010150165500752075,0.0033144039171463923
