train,val
0.0012410544728955833,0.003972241630797353
0.0010383919933597593,0.003691396840808756
0.001066241181829574,0.0022658910405967967
0.0009612623233688721,0.003018368282586796
0.000980491036513565,0.0032988642835049854
0.0009867211444416115,0.0024277434936101853
0.0010323919030883824,0.003931179498385425
0.0009895011870338453,0.0024664552024276703
