train,val
0.0010535828632468706,0.0031217359176820077
0.001000220802326568,0.002473274528130283
0.0009764738947428572,0.002993269227038373
0.001011136967599805,0.0030031353154595583
0.0009992098958710805,0.0031303819836992547
0.0010077481950660015,0.0022244867284891634
0.0009546015801272399,0.0032220332825792035
0.001001871737858269,0.002699634468769206
0.0009129620140385243,0.0033408733998588004
0.0009572712776687083,0.002795504260049426
0.0009241044530079869,0.0026557759780868754
