train,val
0.001315736899040156,0.004137079550180562
0.0011915728968391864,0.0035252220096229294
0.0011121679763655757,0.003576019288115035
0.0010352302530622342,0.0035039413596239747
0.0010225392714185385,0.0034148438710225634
0.0010326215636503784,0.0023471969607600338
0.001066935431809143,0.0034692516599161864
0.0009935468040460258,0.003078777577969279
0.0009815167470995155,0.003287299641187819
0.0009432165418705128,0.0025393737582433745
0.000980582792081933,0.0031350980213343963
