train,val
0.0012282558320564291,0.003660253517004291
0.0010862594758377468,0.003589372710936355
0.0010387929550733632,0.002526686015764689
0.0010064491297689037,0.0022038449719127447
0.0009484211092582497,0.0024072391072888465
0.0009872784069136775,0.002526020509168416
0.001004381511326234,0.0024987970687819264
0.0009891169416574325,0.002398592798973445
0.000973519783716316,0.002540028377026544
