train,val
0.0013677534403630088,0.0041046821570489556
0.0013327125756094152,0.0038511608145199716
0.0012723625824902429,0.0037524654646404086
0.0011996331959824424,0.0036114207265200093
0.0011309684115276024,0.003969278700242285
0.001077957589143075,0.0033366636955179272
0.0010225249690581511,0.0034115557980840096
0.0010215312764868454,0.003729603284591576
0.0010229453963824554,0.0035945357354648876
0.0009664923501720583,0.003935149737662869
0.0009950701990352926,0.003411941653030226
