train,val
0.0011299137862456024,0.003703245672357564
0.0011233692184212114,0.0039126384029414775
0.0010621591576505508,0.0034718401612935405
0.0010647466947485084,0.0033449859087917636
0.0010417524543036819,0.003996290277161568
0.0010623706236664618,0.003740237733326489
0.0010599357021353819,0.00381060676129603
0.0010354918926530072,0.0035015567775145626
0.0010607498474288501,0.0035453163543091404
