train,val
0.001212427486302104,0.003969288649386726
0.0011752985903025015,0.003659369684464764
0.0011203919453780654,0.004022108654316981
0.0011035100726918998,0.0033830796033726073
0.0010662081803297398,0.0037973131460603327
0.001110515431408691,0.004124877350113821
0.0010689565494497557,0.00403815387544455
0.0010472131431991485,0.0034645217659999617
0.0011473952989745602,0.00484795141601353
