train,val
0.0012061524598133797,0.0037662090960867613
0.0010854568254490278,0.003744367267782183
0.0010258410096451866,0.002844156134426201
0.0010173888370339122,0.003144148115141609
0.0010172648318968623,0.002707223764884409
0.0009808071061250209,0.0027697786796804383
0.0010260839418648672,0.0030815863791791476
0.0010132170116724359,0.0029203459059087425
0.0010041588278985804,0.0028533249744915417
0.001020968185418002,0.0027256470765492104
