train,val
0.0013482873792094235,0.004107489908346906
0.0012418882954701009,0.0034476823930162936
0.001118549398819507,0.0033488374610897154
0.0010039804691609235,0.0034096833027433605
0.000999197460126796,0.0026883760321652515
0.00098260129867945,0.002403345235507004
0.0010391654166862902,0.0024127958764438517
0.001025134369251091,0.0026726102529210038
0.0009758345661727461,0.002531921547779348
0.0009841133054046289,0.0029517616545490454
0.0009538313319264888,0.0024699479661649095
