train,val
0.0010638167289583292,0.0028507197573809065
0.0010960697315728954,0.0028120303321040674
0.0009981201558350752,0.0034660806673219853
0.0010489640231308396,0.0024115634808269137
0.0010336720566179415,0.002955851731022416
0.0010170059219405546,0.00237352883843677
0.0009895470663401945,0.0029145261344320356
0.0009990636351037072,0.0028008449211133174
0.0009779472228518687,0.0028437284166442163
0.000992961085841955,0.002725177678575526
0.000944380899356376,0.0027615810823886297
