train,val
0.0012392060882398077,0.0040762619513749
0.001048430163050111,0.003982031474546361
0.0010634743631987283,0.0026564278025516725
0.0010096982861506768,0.0027436090146572925
0.0010634787599323667,0.0029832110463232026
0.000998277281073829,0.0031187012044752173
0.0010124145390175538,0.0031197749043910213
0.000998100421859383,0.00303692629081141
