train,val
0.0011365870160116938,0.0035061574353785984
0.001037148805470769,0.003513536708785715
0.0010063260277327808,0.0028584004342640155
0.0010016008997560427,0.003417260478831356
0.0009764881510040272,0.003477360528833457
0.0009845445888458926,0.0029933665577863647
0.000992693125495676,0.002983647113398043
0.0009900558984090356,0.002912149447435794
