train,val
0.0012172460672268133,0.0037475000659469514
0.001147590888161553,0.003479547565802932
0.0011007772857449642,0.0033181298844283448
0.0010467424898063366,0.0035833239686326123
0.0010385040271258486,0.003029428453010041
0.0009848848054034311,0.003040341226005694
0.0010072182701217727,0.003338680361775914
0.0009932834297459766,0.0030361340985109566
0.0010218247516604606,0.00309842938586371
0.0010067099626722643,0.0034706070189713502
