train,val
0.001371926717849153,0.0037201523955445737
0.0012100552380505222,0.0031864574208157136
0.001117177740259028,0.0030193594080628826
0.0010806710601084378,0.00369193016376812
0.001029593845553946,0.0024014597467612473
0.0010290179184599632,0.0025190949614625423
0.001021927944437754,0.0028093985936720857
0.000977819916531699,0.0024124410207150503
0.0009551895904800537,0.0024478506165905856
0.0010208190890297396,0.0032840582804055884
