train,val
0.0011127045052213163,0.0030006731321042157
0.0010458312670213004,0.002998625518261814
0.0010176142381353027,0.003316724611900702
0.001009096990782086,0.0032967765907075323
0.0010093772306307195,0.0029576941879314697
0.00099977191214622,0.002537329735655859
0.000956088820734601,0.0026760303437448926
0.0009693310971081164,0.002636815510873952
0.0010001333270467118,0.002670978422133611
0.0009443326902101035,0.0028395737163338206
0.0009555029811308596,0.002804542945856397
