train,val
0.0013016959247735187,0.0038724221444845826
0.0011312188323488288,0.0032918442548070304
0.001058202866293901,0.0036239531574068107
0.0010350152713920772,0.0034702479660844833
0.00104069952654705,0.002453182271333883
0.0010113033957362143,0.0028782434190317697
0.0010087768930288502,0.0036522350449350676
0.001048509017486189,0.003314499778347651
0.0010301659744914036,0.0028864082582091563
0.0010301097860398265,0.002784057541281204
