train,val
0.0012955590765802588,0.004084968980168924
0.0011364967811060501,0.004344739799853415
0.001069361840963233,0.0043729421508032825
0.001020544623848187,0.003743023128481582
0.001003483254441185,0.0041440385968599
0.0010406197603826026,0.0027576091270020697
0.0010192361316911978,0.003175714132521534
0.0010002502859584282,0.003319467273831833
0.0009891781422682957,0.0029005298601987306
0.001064301517500298,0.003376021976873744
0.0010406141695190256,0.0029766115272650494
