train,val
0.0010686051415418716,0.003562307243464602
0.0009987233344040157,0.003856465222816041
0.0010138621909204794,0.00358422440403956
0.0010323952911972176,0.002484655092666799
0.0009954228096677366,0.002391691736102075
0.001016512664991532,0.0028566043835780873
0.0010022859728834816,0.0030097298765213052
0.001005672797117472,0.003346154731752904
0.0009633955242500096,0.0027661075651849386
0.0009464242292483231,0.0032096362770062115
