train,val
0.001352636467717856,0.0039899954383145085
0.0012784694567652692,0.003701550817640964
0.001278482433194603,0.0032827965915203094
0.0011583451941330266,0.0031629395089112222
0.0010417120691447754,0.0024979580844956216
0.0010714160214621484,0.0031838496650379968
0.0009851559795595632,0.0027892866972251797
0.0009857811479619214,0.0028425704325854896
0.0011209567428413282,0.0029369338019023415
0.0009994088105453425,0.00321282405348029
