train,val
0.0013318200862846514,0.0036300595063949006
0.0012112601447947006,0.004077144316397607
0.0011833409479572211,0.003235480196599383
0.0011161675832160498,0.004396611583069898
0.0010793435463799651,0.00303065842599608
0.0011071270280631213,0.002792113671603147
0.0010593690935709718,0.003433556036907248
0.0010351206555042599,0.0028762005240423605
0.0010062900488797247,0.0035036312372540125
0.0009993358315380358,0.002977084838494193
0.001047042604956759,0.0035113696569169404
