train,val
0.0010637631918367558,0.002688428172448942
0.0009821652546942769,0.00265342271266118
0.0009941113422870774,0.0031154083944674783
0.0009706313382973729,0.0024178934556885107
0.0009819996863594722,0.0023950765211645693
0.0009674788472622751,0.0026728902304901303
0.0009734771041022068,0.002520078003332187
0.0009366575571346528,0.00244026218228188
0.000973828360237384,0.002651621838112878
0.0009709799130052363,0.0025095159920943753
