train,val
0.0012266843604079604,0.0034258797710208454
0.0010327320478499603,0.0032719326633923627
0.0010075964720348872,0.0026150799638344326
0.0009684110762858595,0.0024499196513716017
0.0009743785534277754,0.002692677407503652
0.001011039692457416,0.0021680533933249534
0.0009929664105014576,0.003170814371424058
0.0009566634026964767,0.0023926197406581194
0.000998143976964884,0.002629160871492786
0.0009913493477252343,0.0026511487043535454
0.0009923858714862572,0.002309179326039157
