train,val
0.0012904343089599774,0.003592510189417839
0.0010938895385034695,0.002670693475120499
0.001031643420352699,0.0024492883263541533
0.0010227316514550414,0.0029143026343712315
0.0010609101709783467,0.002045973266667058
0.0010789240538239635,0.002278098922976046
0.0010039141675119649,0.0035562579153969615
0.0010128438342520724,0.0025513533675336243
0.0009851700193317734,0.003023759431257586
0.001042217522588779,0.0022266524625943513
