train,val
0.0010762035734754958,0.0026490956657784933
0.0010121216936111977,0.0023342338490583204
0.000992817471616765,0.0028214076124005445
0.000972954986995095,0.0023696537791254805
0.0009528046968800656,0.0025259421197543234
0.0009741039954926302,0.002362300312926387
0.0009756597490321054,0.0025322107173550135
