train,val
0.0011521772386628752,0.002906731507453781
0.0010375683132114789,0.002519575009012819
0.001028239012349189,0.002111363868252516
0.0011144504203923179,0.0028980903246009822
0.0010369135324944214,0.0025817239399723957
0.0010602590593286978,0.0025752155202875345
0.0010923514778698013,0.0025518149869174344
0.00103447628322123,0.002350729230717506
