train,val
0.0012716040427364194,0.0027150107020932454
0.0011292580635002317,0.002315605483312449
0.0010155960182754529,0.00206229554328829
0.0010180140297139939,0.002637402099669377
0.0010330896006031166,0.0031486954218807356
0.000993849955851048,0.0019928437392170563
0.001038715936533389,0.0021464286819980593
0.0009946164306591045,0.002401051386940952
0.0010181634248806679,0.0022892719017563205
0.0010377633292569866,0.0024633327118907603
0.0010182838130780708,0.0025556476413351823
