train,val
0.0012702662802106849,0.003952791914343834
0.0012153478578178826,0.004171515838243068
0.0011429784072544595,0.0036526710042380727
0.0010844511834431792,0.0035031778155826033
0.001153954473876383,0.0036186281591653823
0.0010868078419795295,0.0032849547715159133
0.0010199767570955418,0.003913137502968312
0.0009967085094192553,0.0033318223649985157
0.001005505989291478,0.00375561440596357
0.0010556023029849025,0.0034498849432566202
0.000990974847986874,0.0033448403039074035
