train,val
0.0012632864050917815,0.004458749818149954
0.0012393139445410315,0.003120592702180147
0.0010698595184161293,0.0039392586942994965
0.001067717744773268,0.003502591543656308
0.0010502110045064643,0.003961423740838655
0.0010107683569580465,0.0029071359887893776
0.0009693723322260023,0.003652532660635188
0.001006425937947181,0.003053991181513993
0.0010144754725355065,0.003358044118795078
0.0010132596569125847,0.0029168052824388724
0.0009323919024077108,0.003116147046966944
