train,val
0.0013721396584054652,0.004042879393819021
0.00129086246519123,0.0037371660597273148
0.0011354706984126228,0.003510672254196834
0.0010557020964863267,0.0035089632283415995
0.001043864617965581,0.002973275524436758
0.0010496629633031174,0.0033259347781950054
0.0010399206833218236,0.0032603206349449466
0.0010578773330359899,0.003219226742749015
0.0010331048366008116,0.0029874240842218567
0.0010238211657506546,0.0032332723516447005
