train,val
0.0012530747479512498,0.004251400661354615
0.0011479704498650605,0.0035544990066436106
0.0010912824112186074,0.003657547063928824
0.001091334853157035,0.0037725583056874394
0.001054846030416525,0.003371607377235946
0.0010786463738684754,0.0035710205346435667
0.0010335881566934076,0.00339172540810408
0.0010342345845453774,0.0038616474321096607
0.001044690382257953,0.003397125243742288
0.0010434955983306194,0.0034286246059254846
