train,val
0.0012204169687314987,0.0029439589252877162
0.0011011573042306265,0.00255622299779888
0.0010457586411806016,0.002705413134053077
0.0009805616619727165,0.003314375298498085
0.0010082751771306102,0.002904295934102975
0.0009489484552092568,0.003044556281188639
0.000973793536608552,0.002748198643974142
