train,val
0.0012959235615878232,0.0038633608679447206
0.0012536484106043732,0.003893817790776666
0.0011579728701230103,0.004291810258609985
0.0010976399529002276,0.00409658408307223
0.00113464250011108,0.004178510272868152
0.0011011772956145108,0.0040191941784542
