train,val
0.0014865172454529422,0.004151303478620986
0.0013784676415613273,0.00394401818665778
0.0012313943007029593,0.004269050929706726
0.0011424693560999355,0.005006221163501145
0.00109620685804427,0.004134074449056487
0.001107124935449711,0.0032431020674000425
0.001091645694459548,0.004045824305205493
0.0011240568645621077,0.003893071910502707
0.0010976346607477977,0.003580306027022122
0.0010701572066162876,0.003306052752233837
0.001074384028634743,0.00409535241736349
