train,val
0.001206556965794663,0.003991011527005067
0.00111463246394233,0.004025397203366149
0.001025323090691719,0.00395816027120889
0.0010462090381758889,0.003909561197053928
0.0010391099263851098,0.003693361688091094
0.0010367414170461022,0.0036773264859746918
0.001001702842594601,0.0037195366319529824
0.00101077585502316,0.0038004712612264373
0.0010240178718386671,0.004435611678026505
0.001054086135178043,0.004031535327442956
0.0009674620564140581,0.0038819958652925105
