train,val
0.0011090090917923042,0.0036167246516703106
0.001051070412906856,0.003280201144573256
0.0010080509960500356,0.0026602067838411595
0.0010016133001483401,0.00269032488349916
0.0010230717837778256,0.002709919496271873
0.0010047593430072192,0.003283569465743423
0.0009656577032772651,0.0028546609257052583
0.0010222217285324833,0.0028390236775299943
