train,val
0.0012105015723180433,0.0037271201357858756
0.0011854001817351147,0.0031927553759376723
0.0010277568416346317,0.0031830415018925034
0.0010517553419597252,0.0028772026303269696
0.0009919756063816267,0.003192489053883658
0.0010193096583357858,0.0024272948482198776
0.0010292957314126704,0.0026321703796672474
0.001011734858947015,0.003139382458956367
0.0010207239489943047,0.0029870824059244337
0.0009888891037906388,0.002746921845444864
0.0010269264718049107,0.002951982145044362
