train,val
0.0010845138425528338,0.002876891252789534
0.001002805519873845,0.002455547034525851
0.0009675635027846724,0.0023366560905621983
0.0009678204215566444,0.0022414436131499775
0.0009654100992558635,0.0021903352366258243
0.0009655502121108088,0.0023774577617499395
0.0009542068723248348,0.0023850492099706778
0.0009625112313430934,0.002325494014356476
0.0009788017838469637,0.0024462023989089868
0.0009513755627081806,0.002281677209476222
