train,val
0.001124184895650194,0.0023395622063902242
0.0010011241452316125,0.0028197816367953993
0.0009579578402574791,0.0022047480202913956
0.0010026870394084198,0.002633276013994073
0.0009850486713995717,0.0024525225863803223
0.0010277340520164703,0.0022585414864083595
0.0009400037947070213,0.0027973074804365926
0.0009606605959184513,0.0031682332183082915
