train,val
0.0011631132794456527,0.0032051071462905908
0.0010361777245148428,0.0027622085801712855
0.001003663731336912,0.002631273326647737
0.0009902305512658092,0.0028110396527932084
0.001000697130463392,0.002478776844316555
0.000962938899890348,0.0020955792603332617
0.0009868173868017311,0.0024117155302826494
0.0009849635274894444,0.002365694858178676
0.0010124183432508999,0.0026372151241738752
0.0009499370015731842,0.0025683313242443107
0.0009733957583846602,0.002251198263354992
