train,val
0.001478234672526369,0.004737940215272829
0.0014438273776649134,0.0036454012239119037
0.001401485205594615,0.003920363474753686
0.0012643676053834853,0.0036949365225154907
0.0012530800583878839,0.0037256294599501416
0.0011303066835020351,0.0037795385578647256
0.0010771503894364109,0.00364657276077196
