train,val
0.001470851543538092,0.005088711744076179
0.00133680494200892,0.004203727113290589
0.0012355350813037828,0.004102724221400378
0.0011124738108944246,0.0035126739786797575
0.0011729834620234532,0.002683438555564008
0.0010895924355191348,0.0029782781288720645
0.0011020259865630118,0.0030108752203908897
0.001103486039543227,0.0027061010024851152
0.0011027893601749383,0.0028198838624219603
0.0010134041577556268,0.003585949449320268
