train,val
0.0011832544841707709,0.0034046115562399257
0.0010992432490331931,0.002931371621410263
0.0010640150458129938,0.003817136814266233
0.0009724861681579239,0.0027950132761161957
0.0009643437477619495,0.003274358906864796
0.0010048524895399124,0.0026076377038762298
0.0010178293529302703,0.003326103380947266
0.0009987860270134167,0.003024908394652856
0.0009942324668482327,0.003331145906929855
0.0009811836390951382,0.002860192871061949
0.0009515110558033967,0.0027467177684096585
