train,val
0.0013346104507222499,0.0035970962518349107
0.0011641682270029455,0.0030808674406527154
0.00103985315597556,0.002223713120102042
0.0009645507766819434,0.0024063863252749575
0.0010259755715404859,0.0034683707011182135
0.0009644773003637089,0.002657254030587288
0.0010197826451372113,0.0022790860349210205
0.0009772037654066337,0.002388759945993448
