train,val
0.0011137035999729643,0.0033125614425509676
0.0010204126858314405,0.003297207640001483
0.0010522547512382297,0.003127529514120353
0.0009566690284564256,0.003657310846940536
0.0009769694056065265,0.0034841685347239406
0.0009784222771371327,0.0025317310995537318
0.0010111341224467059,0.0027079720522420123
0.0009431541965259056,0.0026366164535599626
0.0009853754477522803,0.0030766336397402526
0.0010138218360159692,0.002879595729390563
0.0010096147421045974,0.002642924856872814
