train,val
0.001201251228017632,0.0032263712630346305
0.001055257902823047,0.002304411826708567
0.001024593571030976,0.0026053905162535303
0.0010044032884121276,0.0028816783509332216
0.0009986767490308456,0.002685461677919445
0.0010026028635925846,0.0027273852325182027
0.0009949967757042818,0.002426858976657267
