train,val
0.00019248757234972735,0.0003607126593545916
0.0001171728996991137,0.00023833492842357742
0.00011663721332431561,0.0001966036382853325
0.00010721632026465643,0.0002414020112194956
0.00010174656378560502,0.00020463291849390097
9.728238722435e-05,0.0001934634458558466
0.00010336835773058274,0.00023053168530642998
9.71330675818097e-05,0.0002056053644711964
9.563059673181467e-05,0.0001975534202782897
0.00010154654659109844,0.0002289800165627916
9.422872451089807e-05,0.0002007958579810477
