train,val
0.0002882380066932992,0.0012105157304255346
0.00018974488358889757,0.00046437681571366064
0.00017562637860972657,0.00023302968853229083
0.00019369474532967773,0.0006306910770474146
0.00017701911192996299,0.00032286488763772777
0.00017063450101599211,0.0004668689507198258
0.00016775382242868421,0.0003733679190347777
0.0001586180792801904,0.00032675069386438717
