train,val
0.0005937731048744753,0.0008440731484291103
0.0004029237886828819,0.000450507004617079
0.0002899052465815605,0.000654604575306555
0.00025859187632259627,0.0002747539500610994
0.00026102303401193166,0.0003201835847046797
0.0002227926608003086,0.00043386099634412
0.00021581874421489826,0.0004542345377294755
0.00020971990429340863,0.00040295599047976134
0.00020124642946203172,0.0005296854914495666
