train,val
0.0001928238837195658,0.00033363489421176114
0.00016120260711072039,0.00023210748002063208
0.00016613422702438772,0.0003082731494513984
0.00015427624779797513,0.00024145860382920065
0.00013411251327741136,0.0003121623517405597
0.0001358173570620467,0.00031986447035759575
0.00015134840571741248,0.0003481222417095149
