train,val
0.0002054099373745426,0.0002849985305454656
0.0001194091604919762,0.00022296737075347986
0.00012214494157542145,0.0002184167538403573
0.00011038455851440273,0.00022402472389743014
0.00010482353605562484,0.0001750512424501499
9.782132093093924e-05,0.00024186733788600766
9.898131729578915e-05,0.00019304577766898358
9.685706737085844e-05,0.0002285588728343326
0.00010014497637392441,0.00027119874133820155
9.848778775094762e-05,0.0002305924867411161
