train,val
0.00025729817783442957,0.0005627995729889295
0.0001995365637085604,0.00024936800455970627
0.00016053123577236658,0.0003804459110656551
0.00016479389748371806,0.00035235283871441135
0.0001489877317785711,0.0002675896390903053
0.00013728322309682441,0.00037204112933081427
0.00015358299040324564,0.000514701628834819
