train,val
0.0006280220049833745,0.0006540955630364752
0.00027070069376245457,0.0003023453264444577
0.00021131932908901422,0.00035068099067061935
0.0001876629286006581,0.0002881717309452035
0.00018370791360421403,0.0004923442745755036
0.00017184475489380707,0.0003131352355814991
0.00017095968765591633,0.00028826344932627657
0.00017440026116961733,0.0003359589860766017
0.00014327417932808654,0.0002996208405313476
