train,val
0.0002981526774449207,0.0007872009039114134
0.0001485158562014548,0.0003953857889085328
0.00013757915887414364,0.00023096525182734405
0.00014234294395740977,0.0003373640885146797
0.00013167887008218694,0.00020744622877274472
0.00012799252134233264,0.0002576232200753757
0.00012546864136867507,0.00032316816675344285
0.00012278399231690332,0.00046022924563157426
0.0001255187549577713,0.00025907178193544195
0.00011792772587135351,0.00023145681354989117
