train,val
0.0003533531019372386,0.00023892618681450932
0.00021904435494086739,0.0004192524707708171
0.00020639111417672387,0.0003865413458364031
0.0001840110569302017,0.00028268477185618314
0.0001720712111374683,0.00032280235052685187
0.00016741141220889442,0.0002666861575035785
