train,val
0.0003234690095522922,0.00022008655164279962
0.00018744010623132192,0.00029218882406846156
0.00016933555032942654,0.00021199304624893857
0.00018162495737819253,0.00021284725336587348
0.0001635590263990642,0.00017868185222609452
0.0001429879065575196,0.00021872441911811698
0.00013894946573582588,0.00026936132442695044
0.00013370651768282321,0.0002915267664782817
0.0001283971479420735,0.00024283772100313903
0.0001259515056499682,0.00023622866114656455
