train,val
0.0003562615424857254,0.00044423107331129346
0.00021273896902861003,0.0005004065017833815
0.0002229102165797248,0.000381705603651897
0.00021547198432113365,0.00043061505995027925
0.0001983923967529631,0.0005743558275395222
0.00020311152718502948,0.0004199415571181542
0.0002013786688614465,0.00042570251108706457
0.00020722428197764332,0.000534433240517887
