train,val
0.0001797967355747728,0.000351856982731386
0.00012769947670543722,0.000271890982783183
0.00012416559183425928,0.00021516672902291523
0.00011315953795858751,0.00031285180440993325
0.00012151136816395357,0.00033836802216186004
0.00010139160084745755,0.0002569732588860114
0.00011269870420699707,0.00030690447821804463
0.0001180134686025484,0.00028518517768611834
