train,val
0.0002962626117767373,0.0005776274092568201
0.0002233627609995479,0.0003371648949691033
0.00021246983132479412,0.00023916732412191332
0.0001840209820863324,0.00028877720417852764
0.0001690017215486235,0.00024611964939879683
0.0001700727792871233,0.00030880949488190505
0.00016398835242081945,0.00029866743892421416
0.00016243446357660788,0.0002670521374534637
