train,val
0.00019719142501188922,0.0006057241118744203
0.00014039719767081172,0.00027569187706647934
0.00012442366585709868,0.00045126774099156286
0.00013469856659375256,0.00022533372601618983
0.00012235081535718793,0.00021466183716256637
0.00013118171679900325,0.0002755470121745858
0.00012758098476071427,0.0004401597257030595
0.00011465675766190599,0.0002730457524436303
0.0001231776641347335,0.00043978664803198496
0.00010796880634833208,0.00027800218219172754
