train,val
0.0004948001006862538,0.0004368388195321753
0.00027690864020165766,0.0003215763943300523
0.00021096575736839323,0.000335793048942041
0.0002156667670851716,0.00032360052146097537
0.00023423084825163713,0.000251780775156705
0.0002167752627398183,0.0004692748442453227
0.00019673545017562802,0.0002914250567464347
0.00018800848897524328,0.0004907055364331447
0.00019490696834520885,0.0002522164896820888
0.00017332006087057995,0.0003301328693890505
