train,val
0.0001960324763026227,0.00027971622427207715
0.0001564102268682034,0.0005576299175922843
0.00016090597517286827,0.0005257286359553926
0.00014603532562487318,0.0005369270924439406
0.00013436214354510084,0.0004317098023257262
0.00014093654361878186,0.0003020185958638054
