train,val
0.0002225952008679195,0.0003213249914381731
0.00015680636711752958,0.0003642671359792978
0.00014644367104098228,0.0002611811923998175
0.00014980935376878758,0.0003674164466004925
0.00014081436616853065,0.00030666376049522516
0.00014713003754696964,0.0003839237642554665
0.00013325423903614452,0.0003658072793651175
0.00013249042120342376,0.00033368580605763114
