train,val
0.00020280651847274419,0.00024843465469833365
0.00015240178517472963,0.0003326885993295076
0.00014114577358321825,0.00023101977228140206
0.00012275302581308013,0.00024144311449466235
0.00011068794216124051,0.00018686026698784533
0.00010530695926849043,0.00021631829083715908
0.00010656137605643682,0.00022020514015294148
0.00011049369020784659,0.00022556139503939303
0.00011127594188651822,0.000219016183214937
9.910684877023224e-05,0.00024211809559874118
