train,val
0.00038422402710268556,0.0004504248902420564
0.00033238505183879485,0.0005890110813830372
0.0003367324825425346,0.000445303456665673
0.0002698959189554038,0.000507118215851285
0.00026761459746745236,0.0004790944619173019
0.00027152506799384943,0.0006883389473775911
0.00023725290435182,0.0007171713661618
0.00025616622483114383,0.0004915609404607508
