train,val
0.00038224027035615684,0.0006088137098074493
0.0002063900293770467,0.0002446032820545507
0.00021415128497064397,0.0003795214719070991
0.0001926464504215068,0.00041683288477641246
0.00019175848394934372,0.0003550780446426124
0.00021808827121545495,0.0003114242011771311
0.0001811623596595836,0.0007014336657716708
