train,val
0.0008486531637180038,0.0009662841198673157
0.0005254361154983461,0.0004910266620487057
0.0003025994326909843,0.0004592937180217739
0.0002721798469177648,0.0005236966444499558
0.00023911663901926921,0.00039471565276685665
0.00024723193358460133,0.00047915753748384304
0.00023351860308983358,0.00040828853953451687
0.0002317012847846553,0.0005743101689457783
0.00020949521818012544,0.0005316594360920135
0.00023363283722417088,0.0006660308204385836
