train,val
0.00023874553943373973,0.0002571310788102826
0.0001686646002185102,0.0002977189788130024
0.0001536469861567351,0.00021622019823843257
0.0001345160537701356,0.00033640995630064384
0.00014385715263561061,0.00022270582788526858
0.00012974027800155192,0.0003437423710818331
0.00013348818654788,0.0002461372474908126
0.00013579108465381056,0.0003113123762702436
