train,val
0.00034475024685218697,0.0006289951446545446
0.00023089560259142555,0.0006921416359651578
0.00018731172250724523,0.0004086311756061374
0.00024811499424653473,0.0004136646324089573
0.00018009725733558586,0.0002886794968551418
0.00018834264514873422,0.0005149703216717909
0.00016898834217159581,0.0004187060875454441
0.00017299937855254645,0.0003101473293613906
0.00016077617036777981,0.0004000380061409922
0.00015159408701901738,0.0003991345795351452
