train,val
0.00021205367683776528,0.0006506876441680558
0.00016479890141526756,0.0003621191563331895
0.00014066469500427424,0.00037408274067156984
0.0001348235752152668,0.0002511485696451025
0.00013722406158396072,0.00018815109815935647
0.00011374378609595092,0.00023595797656869488
0.00011508884483115246,0.00022592578566447445
0.00012551062483566559,0.00026927183550466363
0.00011738515975973828,0.00029098234339350624
0.00011527635436554334,0.00026641063451776756
