train,val
0.00019963858319880379,0.0007389752346504707
0.00012522465215425676,0.0003230090882975052
0.00011955652407191125,0.00024112415665369306
0.00013986085985489356,0.0004688637825454849
0.00011313018833718762,0.00022469390159713193
0.0001028816270779722,0.0002582640929255222
0.00010904500509539719,0.00030832149073183035
9.9037466898333e-05,0.0003160711257445943
0.00010188259396067479,0.00023832936506995982
9.57857755911342e-05,0.00024535399556331453
