train,val
0.00016299377438349274,0.0003753301726923699
0.00012895085608257472,0.00015232330314495852
0.00011876721975123283,0.0002749384044278301
0.00010951384681063554,0.000392297028143282
0.0001115651370800341,0.0003415135211400701
0.00011161211370412759,0.00032329309522248115
9.974577872292508e-05,0.0002471510082469267
