train,val
0.00019153414984803086,0.00026086346908885377
0.00017499775640501263,0.00027123047551893956
0.00015144456634870392,0.0003195231124696849
0.0001555204861426119,0.0003248656601944466
0.00014587592036003234,0.00020442870828715025
0.00014110095096441864,0.00033829534038350243
0.0001378203076418352,0.00031130446480759236
0.00013129109653706313,0.00023729652283357693
0.00013801548232667753,0.00034667618498172636
0.00013472755836057835,0.000300476154119443
