train,val
0.0003615411007473517,0.0003958814709617202
0.0002598853920800276,0.00037088110271408527
0.0002446934271510923,0.00022297303000769992
0.00022925750028102713,0.0003126756571583573
0.0001860376696362659,0.000262930852419442
0.00019297947915628938,0.0002573629906138471
0.00022076043806075124,0.0004485801735532679
0.000217886039634244,0.00024609521008550064
