train,val
0.00020404952716030134,0.000800332317581876
0.00012971665501190598,0.00024257572812589159
0.00011762540107767757,0.0003220094336193011
0.000130690490576446,0.0004578461940065294
0.00011447335903870507,0.00035353606489211447
0.00011395778882662179,0.0004184539948320837
0.00011416193379718378,0.0002790850703997107
