train,val
0.00022229252358278468,0.00044477785353513394
0.00013809108999815527,0.00020338135008374144
0.000140161723101932,0.00023588080977748652
0.00012457121571598443,0.0002492519715947244
0.00011216951914242298,0.00019845111414790574
0.00011877521273950249,0.0002140559177807544
0.00011607340733913955,0.00033194132044192645
0.00011186737271531875,0.00021215829964722101
0.00010364897067977332,0.00023433304856909038
0.00011322782707260256,0.00024203114451771344
