train,val
0.000271660517420156,0.0007271614666272745
0.0001556698120751423,0.0004131939638931164
0.00016871060175754863,0.0004530326375237787
0.00015138016578173998,0.00033383639352290394
0.00014868975969618646,0.00020034960747867942
0.00015345461871091914,0.00022782097956799673
0.0001390582445720601,0.00024236406208480384
0.0001579181980035479,0.00036858637265644537
0.00014027349549788144,0.00025279778446602255
0.00011930280142883675,0.00022451856291076406
