train,val
0.00037958713342017315,0.0003838801752167723
0.00019106403344836415,0.0002813595079942388
0.00015061847459115897,0.00027308672150973186
0.00014222376476583586,0.00028972782033901345
0.00014913535903161187,0.0002602319202517666
0.00013253647474642047,0.00033501094313739
0.00015176844472865295,0.0003519472432826125
0.00012612650660315488,0.00034310622130065253
0.00013648668777278158,0.000343849239845226
0.00014039322319941224,0.00031465246994390753
