train,val
0.00023091320684192734,0.00029661176741559126
0.00018913753750055356,0.00026767391107883055
0.00016699040672348418,0.0005283731964959934
0.00015559450292178606,0.0003224086673503571
0.00014313372741694595,0.0002623234797214955
0.00015919473984674022,0.00038675285734518066
0.00014386593811969506,0.00026983193532183094
0.00014162878521497093,0.0005007180865400089
0.0001460992286949637,0.0003870710486991301
0.0001324557302639981,0.00027818026149315883
