train,val
0.00026881922893111674,0.0006220191486306294
0.00019845112145154423,0.0006584475457778439
0.00016997378980277585,0.00022720006322971857
0.0001506861687307318,0.00019599960745077138
0.00015393143909520188,0.0007537272592979063
0.0001301210889543569,0.0003291720054417808
0.00014235401686728895,0.0006435189325267804
0.0001470632044088348,0.00037584301319204457
0.00012952303448216082,0.00019605100569377283
