train,val
0.0001743835619537559,0.0002598358404584895
0.00012785953389466944,0.0002368320011983622
0.00013400810629221485,0.00028062693961735074
0.0001238165927561044,0.00026785489186455805
0.00011322622921882043,0.000261405852089571
0.0001108558270604701,0.00024277987583499292
0.00010804551327461052,0.00025736903053792264
