train,val
0.000341776963715239,0.0009080198464773615
0.00019331843886770904,0.00030034754790609676
0.00018169989737264902,0.00030891712395491954
0.00016050538612417644,0.00020940331815098807
0.0001524141288455633,0.00019743556418302924
0.00013875444885125344,0.00036415540472510186
0.00013348616807020404,0.00025762434928546093
0.00013563424893979603,0.00028939152999390305
0.00011733947434156411,0.00030701920994617547
0.0001246845612631866,0.00027900535310322177
