train,val
0.0002030313642489673,0.00037103020132775964
0.00013729852678753238,0.0002739722130950279
0.00012016539061620187,0.00042127420649352564
0.00011130884082939434,0.00031483591111822716
0.00011388637099174001,0.0003949705628063226
0.0001216854695514825,0.000296373229489752
0.00011281310588097283,0.00037163339776811154
