train,val
0.00030411845793287037,0.0003803863655285051
0.00016337133569976892,0.00022105443837363905
0.00017061505614271143,0.00020690016672544268
0.00014198598021768192,0.00028664865187251405
0.00013162547338228177,0.0001832173939112063
0.0001460158028956448,0.000249721408864706
0.00012206417639042049,0.000300464900753792
0.00012128819024863811,0.0001849503572203411
0.00011519885136539193,0.00021884905567744125
0.0001141344426408453,0.00033753313071366986
