train,val
0.0002953090932828836,0.00032391151742795836
0.00019916043401945185,0.00047457391326094256
0.00020369784008854896,0.00024865819780287615
0.0001684583328590457,0.00028019855195136347
0.00018562584475014334,0.0007376918774621183
0.000184025204893744,0.0003621652624159638
0.0001664555941866154,0.0003357891916322473
0.00017599784632775416,0.0002988666529363136
