train,val
0.00031139670076354607,0.0009663171742510104
0.00017247839590232362,0.0006544275080983857
0.00015003306191313235,0.0003191880287827418
0.0001399015553024681,0.0006869143806253966
0.0001419581189673232,0.0008381623605561648
0.0001364983997799666,0.0007124882589068352
0.0001550943355101831,0.000564861663465079
0.00012342862113190865,0.0007415654833212691
