train,val
0.0002947155315657357,0.00040826775607223414
0.00019469090703445316,0.00031571467555380445
0.00019743310312790986,0.0002195999984042246
0.00016353079251780748,0.00031032652048602785
0.00017558446627514984,0.0002522874656008969
0.00015938414541016095,0.00033663714545767323
0.00015221908336417357,0.0002982064522666896
0.0001394027052784338,0.00023881138908626187
