train,val
0.0007010559625643064,0.0008819178044231033
0.0005053188297555241,0.0007993484314818703
0.00039035902074842295,0.000875394057669944
0.00035496621790149195,0.0007250534205976531
0.00034150335014280684,0.00024908985666543767
0.00030122913927606786,0.0004957121118957944
0.00027150009163764635,0.0004213061380569878
0.0003034741411113782,0.0004244710711217896
0.0002502106490871922,0.0007605454146708807
0.0002384183200558791,0.00030927715119212414
