train,val
0.00023444411408189253,0.0005156955209595711
0.00016856223463846572,0.0003557613190341792
0.00017914118962529047,0.0005625820502772636
0.00015365681868672915,0.0003459667503916502
0.000155457108392587,0.00022215245110228287
0.00014710336957381615,0.0002465459062891601
0.00015603410939940755,0.00038423476507887244
0.0001358965979691265,0.00031815701062795133
0.00013685262426883793,0.0002838347136128622
0.00014066113598339876,0.00035980410332171325
