train,val
0.00027271047379664234,0.0010027921613701117
0.00016782742357879883,0.0003824545888132005
0.0001591513067342348,0.0002973581983673507
0.00015621545294980908,0.00024417303706181784
0.0001658409213515736,0.00038899453931217785
0.00014500687754814194,0.0003210005306428036
0.0001407953766534192,0.00032092583569465205
0.00013784368085352424,0.00026278806170522466
0.00012576605251447714,0.00033844666497950896
