train,val
0.0002980066705325505,0.0005302702235286174
0.00013141443692218184,0.0001880368983698946
0.00013239362723707247,0.0007268868645473795
0.00012158545740683183,0.00020635670751407357
0.00017001978840548365,0.0011053038972493583
0.00012862954393843786,0.00024115574384471093
0.00011306104694975526,0.0002898282044291938
