train,val
0.00025744530981362443,0.00030533411478719916
0.0002032029163400229,0.0003679209414680161
0.00017285441444475915,0.0003729710106726734
0.00016764223430887508,0.00035670567532851356
0.00018158080339079126,0.0002955156342859086
0.00017600795518838043,0.00032632250354320115
0.0001678641317236967,0.0005005507755017986
0.00016158160323514188,0.00038877734574350103
0.00014966308456534287,0.00040394339385533965
0.00016212518728815398,0.00034581865881024726
