train,val
0.0003504892913317379,0.0008437510490800967
0.00017451327477024378,0.0003737103714443305
0.0001470283279294229,0.00024068484622950884
0.00013970865415685957,0.00020455035426975346
0.0001351462846624148,0.00024537304983261813
0.0001405464558498718,0.00023931060021662714
0.0001306509715694695,0.00025356716442355025
0.0001249910696201074,0.00022408227334167082
0.00011591586846845543,0.0002385248850152814
