train,val
0.0003852956233354545,0.0003546985010367319
0.0002393839384790218,0.0005620343168113008
0.00024430813606840876,0.0005406798781282076
0.00023415248360985906,0.0003638287539844713
0.00022587491131945635,0.00030798736130439484
0.00020258289478941314,0.00035248027003565525
0.0002131772494712247,0.0006554183424937005
0.00021926855229925817,0.000487868955007353
0.00023036313437325274,0.00039645160635334034
0.00019619492246816187,0.00048072882130412403
