train,val
0.0003064319832394582,0.00040198740947851227
0.00024167671321095394,0.0004503541049951523
0.00031164421679016235,0.00046919252968912
0.00015944501923212615,0.0002658876927157775
0.00017378229307619123,0.0004314640188621364
0.00022730909244365394,0.00041201256558184363
0.00015198953580935438,0.0003330142079207957
0.00015743065338395243,0.00033939894017427885
0.00015219128227144857,0.0003772451399901697
