train,val
0.00023964404078604927,0.0004993552014959749
0.00022120338202645878,0.0005972985232383115
0.00016554176699738654,0.00027159556557896833
0.0001868597240008617,0.0004544582925126038
0.00018574718239838884,0.0003232176219963097
0.00018879655909561141,0.000275771523171698
0.00016317777535700397,0.0003766431750542363
0.00017202596370089696,0.0003324099238705575
