train,val
0.0003319157363052386,0.0004355414002139182
0.0002032160206782929,0.0002920791115078221
0.00018207519135656107,0.0002468491953102099
0.0001757097132379798,0.0003345202153666279
0.00016054821803941882,0.0002899595764034345
0.00015980753731802003,0.0003140838223481441
0.0001673730325762381,0.0004471775468435068
0.0001442378766646045,0.00031314879280493505
