train,val
0.00018859958857971685,0.0001988583494142685
0.0001619814515643224,0.00022484527740680965
0.00016731575751375796,0.0003301457725451704
0.00014971290205834816,0.0002637631433582729
0.00014019804807681934,0.0002612773121654959
0.00014075208802593245,0.000343266087490639
