train,val
0.0002969377539492004,0.0004135094134313385
0.00016565795472009797,0.0001749846710685979
0.00014805138114184864,0.00027939765633620297
0.00013558885683757966,0.0002630719568917717
0.00011678340233928852,0.00021903648534177375
0.0001226282636627888,0.00023418598175176287
0.0001235798771018411,0.0003279629949208206
