train,val
0.00054892268662665,0.00036425673668928675
0.00022364488227827128,0.0005560647027025572
0.00019630891553666522,0.000531462800991779
0.00027005322502652413,0.0005587091544963815
0.00019328010850881255,0.00048810112356667226
0.0001914394672889652,0.0004658515037668922
