train,val
0.00044931644447868466,0.000844544150803283
0.0003551357176933185,0.0004535997849883996
0.00028359365877084366,0.0005136840559905506
0.00028565150231797725,0.0003045976227211396
0.0002798024185361071,0.0005082016309937664
0.0002357598887496263,0.0004817845727747416
0.0002631467186815985,0.0007400331171555067
0.0002548098682646797,0.0005039375550328757
0.0002416805336363816,0.0004569263231217997
