train,val
0.0001849853957405319,0.0002226737810046576
0.00015101430428993585,0.00035062013212285714
0.00013241032220128132,0.00025808117587618765
0.00011955019975839393,0.00026879806696113704
0.0001277384690275182,0.00026964749634598187
0.00011320010258144249,0.00023110875854268775
