train,val
0.0003087278693395766,0.0006033198733348399
0.00014144944954281357,0.00022681299185313802
0.0001262559461786446,0.00023662824327587168
0.00013904353643005602,0.0004167511506370763
0.0001552168647684431,0.00028061136177659165
0.00013503562569858725,0.0003927791966803404
0.000121463647160977,0.0003058963547105584
