train,val
0.00027329373671013954,0.0004658450934049838
0.0002282728719659409,0.00030645639226884884
0.00019828719712468033,0.0004397516649452668
0.0001690525726978109,0.00031122462303970037
0.00017420039110469025,0.0003392430071471608
0.00017443297506917143,0.00032889996461616484
0.00017306447654532055,0.00035961241278795674
