train,val
0.0003935461486874704,0.00035990816056039504
0.00021082298176085826,0.00038642049875300293
0.00021526486332978614,0.00043129716039683766
0.00017785866670018543,0.00027594964196540124
0.000178049269423098,0.0002426317910437169
0.00015425824799738028,0.0003145996628217349
0.0001593842830748811,0.0002595344760606259
0.00015831745907281228,0.0003110708777342506
0.00015490682464119288,0.0002858153889310219
0.0001709834106297878,0.0003142946264073308
