train,val
0.0001785159195591848,0.0004966141839353401
0.00015083804474317285,0.00019742913313127095
0.00014395755956639314,0.0002980705739443149
0.00014645673801646152,0.0002640485615086245
0.00015906688941388095,0.00038686015063798575
0.00014144312020468564,0.00041890007473772105
0.00012897833416180795,0.0001988715093928398
