train,val
0.00033966570999661283,0.0007348001954793133
0.00020743324509146777,0.00230684480344581
0.0001668303442773603,0.00023306028079008578
0.00017498669170737171,0.0018484975339462914
0.00019140165451367859,0.0018989958412708252
0.00014877157063721051,0.0008834968393981241
0.00016952803738352505,0.0015021655424841405
0.00015529846381315051,0.0007518495204232435
