train,val
0.0002193016312190054,0.0002922775469849891
0.00015105727421269252,0.0003570042218441211
0.0001457834719410147,0.0003318324460559511
0.0001342307029810756,0.00020650027179419222
0.00012618130142941718,0.00022316541352659266
0.00012010780783292166,0.00024367483554427793
0.00012807708954942686,0.00022997173614557005
0.00012328365262190017,0.0002699833149815257
0.00011881937818110856,0.00027461537746662314
