train,val
0.00032069144141204684,0.0007861787227163319
0.00020510802085416035,0.0003153411964193366
0.00019949771684250075,0.0003141840444454796
0.00021272037486755343,0.0005606917227380122
0.00017757065168093962,0.0005827360921443051
0.0002103865136056317,0.0003874058779303936
0.00018235095189694914,0.0003241176336879964
0.00017529744395164434,0.00041620798223081804
