train,val
0.00033361283981292694,0.0007653903851487419
0.00016868205949345047,0.0002729205228585912
0.00023882176588141003,0.0007013075489516491
0.00017761466494985078,0.000836692292618242
0.00018027972681313107,0.0014149692153112993
0.00015610855266851698,0.000488406665491645
0.00015726517963001425,0.0011879160927151951
