train,val
0.0004214725886268186,0.00045340344824986497
0.00019187316418541376,0.0005140033596990506
0.00020029405064824035,0.0004054773413608011
0.00016293819686327604,0.0003394384232922139
0.00014525399735833966,0.0002022383004253066
0.00015414901194123407,0.0002040107571224162
0.0001612765931979244,0.00033138636155213104
0.000143467743699192,0.00030813000060550083
0.00014181632868320182,0.0003659032356298006
0.0001323199119586635,0.00021030531952550413
