train,val
0.00026601710810576063,0.0006004631941102338
0.0001386656070424725,0.00023491694698228463
0.00014038924826623666,0.0003909950716068962
0.00013140709688450107,0.000220570549011512
0.00013148853095097437,0.0003575468884660269
0.00011851588574884886,0.0002526712980329158
0.0001202821973707951,0.00024728540178601687
0.00011261816823147469,0.00028292729780169014
0.00010469836794229593,0.0002534765320031105
