train,val
0.00028789861421141103,0.0005018841859984225
0.00019071402986807153,0.0006822459352589648
0.00018091514067443784,0.000672361002399556
0.0001744339692813213,0.00018590064905275023
0.00017700506035112085,0.00033676084715172835
0.00016268754291104415,0.00037215323980019106
0.0001656864118464121,0.0002616970332186768
0.00017726367907346558,0.00039522030516741163
0.00014857346352593542,0.00037561553557248023
