train,val
0.00021169792585917858,0.00028411526224556466
0.00015273697277512287,0.0003787261030738068
0.00012392138628442137,0.0004501242900842829
0.00012475654008196083,0.00018596185369499987
0.00011413769287684,0.00018852128487720202
0.00011184067669479426,0.00038364315211026267
0.00010938674456946233,0.00018957863242268896
0.00010319549815552599,0.0002010807753754143
9.885753264401659e-05,0.0002930350801974612
