train,val
0.00022846749552015049,0.0002344689871664342
0.00015127884332957533,0.0003308888156449101
0.00014146413747567874,0.0003427435890705756
0.0001364679776870866,0.00023975941302370243
0.00011919843479628233,0.0002657845022486399
0.00012803030751571713,0.0002623286261021728
