train,val
0.0002411029715433556,0.0004643538577609355
0.0001835805683157639,0.000301337019827639
0.0001893791031310931,0.000353536929520592
0.0001582362615706291,0.00026179635736350566
0.00016450149260109935,0.0003765908564778427
0.00018231896884994696,0.00032881866695216107
0.00016908238810653,0.0003445899635444352
0.00015798673993567153,0.00028498491243674655
0.00015675122609000298,0.00030582441936056435
