train,val
0.0001785615806405979,0.0003609116658559588
0.00011911652122605017,0.00020613235565440635
0.00010755476576299469,0.00025008358565003575
0.00010576258528051116,0.00017514410748629042
0.00010657261698830559,0.00030824404350712666
9.602970983029873e-05,0.00023377434885162938
0.00010488949561857785,0.00024579067275612453
9.246773878780407e-05,0.0001900911775664485
9.928668360663591e-05,0.00018867275848475506
