train,val
0.0002783828957275899,0.0006063740758058291
0.00019141712429942515,0.0008584061848207215
0.0002299279206416607,0.0006027310838639412
0.00019267721697717284,0.0003948684005054942
0.00016187870332026074,0.0007162460025964706
0.00017550465788694015,0.0007119787105298399
0.0001517473115805358,0.0004425728998878343
0.00014543999825556914,0.000543129557416356
0.0001494542296717777,0.00041018052291727383
