train,val
0.00021587064083364803,0.00034589860953876676
0.00015152700280820434,0.00025840466434811076
0.00014605546012173753,0.00022450389889213477
0.0001395333684086859,0.00031422537430895683
0.00014267689301853027,0.0004468117892376946
0.00013027135243034026,0.0002779727954070001
0.0001382416673903346,0.00029999810371820866
0.00012858655031297233,0.00031437484358157365
