train,val
0.0003453758225855092,0.0004084734030064335
0.0002377615368121585,0.0002448635031894993
0.00018906756609829854,0.00035552011671916917
0.00019117227041356448,0.00046904969596764476
0.00018273060079023436,0.00020184615425723483
0.0001672067779737119,0.0004033042944785403
0.00015217907987404432,0.0003526047297612376
0.0001647515939518495,0.00025639659907028545
0.00015731493858815116,0.00021460247038664269
0.0001554248227950311,0.00021689221126252437
