train,val
0.00019132314077189398,0.00033698587702660947
0.00014791541990597017,0.00024118222128838575
0.00012856966530378294,0.0002942864482307584
0.00012991353846451348,0.0003598114380496973
0.00012017010213102525,0.0002503547757769149
0.00012692144286866226,0.00027343776688055495
0.00012129143525830122,0.0002415609010280631
