train,val
0.0003221504226046478,0.0005262418885917321
0.00019286319334012843,0.00048718112467373856
0.00017552739086077447,0.00023940791100037184
0.00016703778775742302,0.00027534622845718437
0.00014766903050487416,0.00021077262004730394
0.0001467272493071688,0.00025277665818467703
0.0001562331887461035,0.00040758163714492505
0.00017290535638069172,0.00028482951144242715
0.00013406089917009548,0.0003133074051487818
0.00012559181719199396,0.00027116981248261307
