train,val
0.000459856411570493,0.001192961715319699
0.0003134116164767174,0.000541081408336657
0.0003242942842317304,0.0007751070733510126
0.00027071894389108913,0.0005870716317102758
0.00028055721284885027,0.00031918073095472445
0.00029824104416755056,0.0014834695229454665
0.0002904506259208839,0.0004933893343876262
0.00026873420547630136,0.0005453297043599993
0.00025966863578940063,0.00038244123016483556
0.00026141408644903355,0.0003560327053698182
