train,val
0.0002894378318436754,0.0002450281967142381
0.00017950749599513467,0.00041277293721709543
0.00018028279229017355,0.00023663558592976398
0.00015881294514005434,0.0003000523411042261
0.00013612559984931263,0.00019336272065550514
0.00013578704768573018,0.0002650581180113068
0.0001373736668642287,0.0004173830672461127
0.00015283398949590617,0.0002316550636693875
0.0001406698615267114,0.00020368281913919338
0.00012329113812350003,0.0002151638376962301
