train,val
0.00037355351272349245,0.0005366001940261059
0.00019596941606738605,0.00038924052880489566
0.0001614537002191553,0.0005915568703099623
0.00015637911112331305,0.00032364279983868537
0.00015225707518820675,0.00016685607209660866
0.00013599012586828493,0.00019749927576399943
0.000135743864000102,0.00031175063894162456
0.00013802174486990333,0.0003038630491601521
0.00014430190685441984,0.00041729545818403204
0.00011806743388077371,0.0003648051513471519
