train,val
0.000248447716307801,0.00021385009690407861
0.0001990963584647544,0.0004124747761392535
0.00019571427941686805,0.00036533398647139515
0.0001935949089227951,0.00039999202413930427
0.00017886142925837323,0.0004308643931247335
0.0001534565860144127,0.00027777902125629173
