train,val
0.00017061271195360723,0.0003619525609858523
0.00011143628150933136,0.000288051921824513
0.00010703420700498335,0.00018803718923986773
9.870308633626402e-05,0.0002428550229899923
0.00010559708377788555,0.00024049363331790158
0.00010118879088977599,0.00023790627636222726
9.115128298219996e-05,0.0002835325045663816
9.805480893849583e-05,0.0002110317260349552
