train,val
0.00018155520002918616,0.0002738149089740203
0.00012851483682412083,0.00032993114890537663
0.0001226689223094974,0.0002447890674539994
0.000119979008658277,0.00023928282458668485
0.00010926859635556414,0.0002638224737181546
0.00011286000979374574,0.0003039577121313229
0.00010785099040875388,0.00026565105308098123
0.0001029116617844351,0.0002501636037144952
9.976397385841448e-05,0.00024170972079261537
