train,val
0.0002714230374774141,0.00024452854273951505
0.0001888730239557753,0.0002882367731428425
0.00018826581952112882,0.0002586023413088064
0.000169764704853262,0.0002638042190061453
0.00016471493056084365,0.00030741111573740415
0.00015594635466381103,0.00025194327100257067
