train,val
0.0006135312572715526,0.0010949176606064772
0.0003209605351487311,0.0005337474341264597
0.0002610750082554306,0.0004351840304399743
0.00025210960416843065,0.00048420437317819214
0.00021732638949268601,0.00030435910248878133
0.00022771881637166077,0.0004151129597791142
0.00019810803566686693,0.0003252503223420182
0.00016211632061490067,0.00034624064480393664
0.00015862733529528464,0.0004930569949090783
0.0002618572823279556,0.00034937626653974057
