train,val
0.0004333385331397527,0.0005693841991068694
0.00022676154939552765,0.0003075228018920014
0.000195259691358008,0.0002804617759420253
0.0001879551847216982,0.00032923272266357313
0.00015887740732513098,0.0003550871218970138
0.000159584700813216,0.0003443813637878527
0.00015328503665094668,0.00028146461094490126
0.00015539625824867055,0.00029068700609764325
