train,val
0.0003662078959861391,0.0004491798189374622
0.00024812642118295184,0.00028463062620215606
0.00020801028867020074,0.00032975226716097086
0.00018133352232358423,0.00038217157141817563
0.0001872558955758957,0.00039656300807267974
0.0001998384459061886,0.00043956902899863314
0.00019709438006119192,0.00030522989614521225
