train,val
0.00028001509050593884,0.00041289471640565726
0.00019726861959785808,0.0002783305609120683
0.0001639155006913949,0.00023214799361259044
0.0001563692800125131,0.0003162205144583234
0.0001418387297421792,0.0003019927899538957
0.00013085651340693502,0.00034744226045672
0.00013468561505498866,0.00025061971175144955
0.00013087263992085302,0.00045871805524952565
