train,val
0.0008859436740206436,0.0009850351683352904
0.00041143491100176515,0.0004870257693095054
0.00021012939600623476,0.0004035645776692785
0.00018140835332134701,0.0005186849925581448
0.000191390509014958,0.0003231570205089691
0.00017160894532294117,0.0004358546528451638
0.00015250879517179455,0.0003624630185453605
0.0001536975328170281,0.000455679401056841
0.0001718141334569357,0.00035819535097449687
0.00014191175728555855,0.00036870514133410966
