train,val
0.0003417803308018517,0.001162630855835376
0.00022215464323836705,0.00029585121921836815
0.00019889259162862746,0.000442527025890688
0.0001826371768356571,0.00024516944931125676
0.00017761478770362274,0.00038993220301635243
0.00015883873932915713,0.0004058374834580358
0.00013947687746431272,0.00027144107645094565
0.00015948994375870296,0.00038330588325106546
0.00013986851262282851,0.0002553179495198296
