train,val
0.0003142527794140198,0.0003746668195627345
0.0002509656606323129,0.0008677624014289773
0.00021076246618669818,0.00028547169318640273
0.00022719330244774116,0.0004973197798541713
0.00018807320137319034,0.0003431782420537
0.00016951504970681317,0.0003554373944579108
0.0001575599105890899,0.00029882874749585575
0.0001722370065479288,0.0003845599754843553
