train,val
0.00019139301355153293,0.00032767610434308625
0.00013598555324033636,0.0002757586892163301
0.0001333513042893481,0.00030250898095036445
0.00012777537361146336,0.000277428328366153
0.00012585082453674235,0.00018350917784171517
0.00010420104188256937,0.00022473517311231842
0.00010497964273582124,0.00037957333370286506
0.00011633973490412284,0.0002139560685292594
0.000107256785080896,0.0001925832789970298
0.00010855767906583987,0.00023544656698135626
