train,val
0.00020593159220227015,0.00024774768124732075
0.00016823752680734868,0.000726981665096207
0.0001463523831093447,0.00038598915811195945
0.00014880845093414043,0.0003279987917260592
0.00014716270953855985,0.000467081387875015
0.00013104583037838385,0.00026923398124492723
