train,val
0.00029764143805827,0.000729625847316456
0.00019068540810485664,0.00022112713986971095
0.00016827466677010822,0.0003214800211143935
0.00015088752071467135,0.00028940263323025737
0.00014187945587417787,0.00034005141575850343
0.00014049226361633046,0.00028449905142832965
0.00013772411802458716,0.0003475440324022817
