train,val
0.00018706819796047901,0.0006685156972217038
0.00012217556149643423,0.00022357579402389562
0.00011743655906049488,0.0003342825920325392
0.00011420103964370002,0.00018436115636458775
0.00012151829944474989,0.0003707139256077177
0.00010556388716585873,0.0002540316043306781
0.00010350818953952512,0.0002720697666714684
0.00010284314507877667,0.0002250657410009847
0.00010192252881242959,0.00023858841815198626
