train,val
0.00028752922871913897,0.0008480431364767035
0.0001598898466032525,0.0002625739489303669
0.0001473699260357456,0.00021164571806847935
0.00014513602289350778,0.0002398720015769547
0.00014665714334703337,0.00022947086547313067
0.0001325757483797827,0.0002721027136056578
0.00012521345005840474,0.00025029099625124433
0.00011466035915408801,0.00022594486873619163
