train,val
0.0002688631459886565,0.0005400216002100564
0.0001812422202156478,0.00039627987247961533
0.00016320108868627265,0.00027416768318579523
0.000177004423592983,0.00040684665922842964
0.00016246774054507637,0.0002151615968166194
0.00014575878899924266,0.0002538940290464055
0.00014746162614248938,0.00031970010599436955
0.00015017523387116284,0.00026039815393364666
0.00013210251629336344,0.0002507298841801062
0.00013941079488576043,0.0002922906414560334
