train,val
0.00024009989879755759,0.00044613739716604337
0.0001757952696315403,0.0009495165540749649
0.0001696904625823794,0.0007957667610413318
0.00014478289188931897,0.0003287485331305715
0.00013807086641436285,0.0002882403177831319
0.00013357862688750344,0.000478647798157411
0.0001616114064794971,0.0005445476468175519
0.0001408956633814315,0.000581845451470537
0.00012318956421225483,0.00030250955775280993
0.00013205708730945699,0.0003122452115025121
