train,val
0.0008691940101925866,0.001181098850151209
0.000516365596582454,0.0004866624130954733
0.0002530216445965831,0.0004953502507038031
0.000267141544404269,0.0005255961257395992
0.0002427810151347193,0.00046426929518073685
0.0002508891558208358,0.0003854756599620861
0.00023619220315503552,0.0005849103600827648
0.0002224959491495807,0.0005501739516844015
0.00021274221613540453,0.00044890317761147507
0.00021295730485696544,0.0004684320235409199
0.00020678830983113767,0.0005667994867989738
