train,val
0.0001701817294359172,0.0004950446523612921
0.00011497471432318085,0.000270827942063406
0.00011948406824665477,0.00018936291417048778
0.00010495751607894042,0.0002584861335595869
0.00010365634531654028,0.00022206794575212494
9.921117134877922e-05,0.00022213504968617305
0.00010065560963245987,0.0001941130637579008
9.981068102190388e-05,0.00031054908099936875
