train,val
0.0002737517204372961,0.0010935175222643691
0.00020615190401557118,0.0011926400768712327
0.0001566829145898534,0.0010646457862823952
0.0001368787019774252,0.000569450132838578
0.00013017596859094902,0.0006262047857051571
0.000123490933640328,0.0003562731547475346
0.00016485284714130505,0.0010813083188217166
0.00012621805730187954,0.0005681730949323772
0.0001131427060106849,0.0004560483987444981
0.00012096878136002253,0.000964112381591954
0.0001341149208558805,0.0014129487356401749
