train,val
0.0007416863152736872,0.0005959749219875769
0.00031124225630565827,0.0006677514959258534
0.00019909089936021268,0.0005737436838578159
0.00020112725820849812,0.00035620953434879673
0.00020687777386418595,0.0004657197539071443
0.00019396201087997953,0.0003856066789868397
0.00019193537990032781,0.0004154476213015561
0.00018850344771334735,0.00042631377137320885
0.0001756574955435236,0.00048720353558618463
