train,val
0.00032767650220490694,0.0004931158856533389
0.00020095325737176311,0.0003084196382424256
0.0001940407926821901,0.0004632006022652179
0.00019969572731950373,0.0003989971173298158
0.0001740756561213952,0.0002059487418016766
0.00017193425939267308,0.00027766465855950907
0.00016748154533428183,0.00041511816843006093
0.0001605916573698377,0.0002623199326283631
0.00014405589735593682,0.00030980263393679404
0.00015071769075672526,0.0003575184000183333
