train,val
0.0006072687236207961,0.0010659176807487657
0.00044067764341523,0.0006216278328365126
0.0003104750877918109,0.0003464310469580061
0.0003161340344625734,0.000667182110619786
0.00031531155624218776,0.0007270494945045999
0.00028576104611059125,0.00043902776729630525
0.00030269527636807503,0.0006870668431100272
0.00028010087871473144,0.00090468876185375
