train,val
0.00018975575933103978,0.0003027305182441399
0.00013963712167718533,0.0002633355499069661
0.0001414636490828258,0.00037762792743110664
0.00016126248550501763,0.00024445675921433966
0.00013835968456721943,0.00025453098338049595
0.0001394679125018361,0.0003609634240085875
0.0001256911016271964,0.0003484782688809632
0.00011685309905092843,0.00029292302748453033
0.00012129802419572247,0.00037219130178704513
