train,val
0.00034357936326925235,0.0005808728417345053
0.00020563302634135319,0.0003385951248397443
0.0001743354145310804,0.00034330101384577995
0.00016110727521823954,0.00022027923780668695
0.00014562259314871234,0.0002881850880879463
0.0001340143586478936,0.0002744109239848921
0.00014609548089119533,0.0003383153611323813
0.00014126832063653545,0.0005045686964455156
0.00014458234595082537,0.0003570270026867165
