train,val
0.0003559568883379969,0.0007754552731522191
0.0002396746651497433,0.00038499783400772864
0.0002330062955264914,0.0003188471528413848
0.0002290876274966924,0.0006134602443178259
0.00023772668973244906,0.0004020201790154329
0.00022921098907285366,0.00043475074844602155
0.00019685159376234732,0.0003961937419530808
0.00019377467202423549,0.00032248905902326324
