train,val
0.000298047300181823,0.00040913540368015623
0.00018331181593275557,0.0007230704228488215
0.00016567335135793244,0.0003467843873585335
0.00013925130632956654,0.00040336449192313853
0.0001399302989869271,0.00042703031784554514
0.00013339575063088736,0.0003582423285452946
0.00012680645604730594,0.00042953741385776925
0.0001288646081863701,0.0006848605340380437
