train,val
0.00019683180153575523,0.00025622697419604927
0.00014091139340868835,0.00024940968627587404
0.00013451703079467165,0.00019450438308569128
0.00012824329947418622,0.0003161806514690266
0.00012153754607842792,0.00034473183654390986
0.00012637620077763737,0.0002705815359967601
0.0001223269572476141,0.00021283501271407513
0.0001267807429256904,0.00022669634952978787
