train,val
0.00019801467351079845,0.00029452633295457795
0.000143029067178574,0.0001920316687718035
0.00014738631231161497,0.00041532170501818816
0.0001479095667164336,0.00021807849497491202
0.0001398035271301324,0.0003226694868657524
0.00013446029336695354,0.00025369221417814323
0.0001324617764852995,0.00019909546388183986
