train,val
0.000967677367897385,0.0014903534169313976
0.0007469156249178451,0.0012049509678035975
0.0005278968030436137,0.0006335240137987592
0.0003500536112788206,0.0003308954312481493
0.0002652356726730759,0.00041937524688632143
0.0002375719286287055,0.00035969764619093276
0.0002410212749729005,0.00044811567503904155
0.000219957406580833,0.00039332563542035027
0.00022188056717162345,0.0005948490123795209
