train,val
0.00021452393422296642,0.00022674221099641857
0.00014757541778912396,0.00031808506585519013
0.00013157642127823986,0.00033436172813983064
0.000124338266239681,0.0003434603480292294
0.00012052591794325421,0.0003448036551692652
0.00012766455556222908,0.000277576720683925
