train,val
0.0002723027430506067,0.0009429944506297792
0.00018479773736606464,0.0005525968983236963
0.00013461268858697798,0.00021697230065766896
0.00017705590874936741,0.0011961506971739327
0.0001476290867160253,0.0004067975058519845
0.00013347510086467952,0.0011207032784369018
0.00015657796458990462,0.0009133842928258019
0.00014010114212522685,0.0006710370013587367
