train,val
0.00031228247430504396,0.000725447734799123
0.00020950274377011193,0.0016270638936619682
0.00017825791435869688,0.0003142032561666272
0.00017424375215691626,0.0007415011075196332
0.00015552949887850603,0.00027320609847298304
0.00017630449007754532,0.0006305091665649834
0.0001609892930474439,0.0005287449284289795
0.0001386870847776951,0.0004598038558077265
0.00015160781740759728,0.0008950660860738818
0.00020791831089725995,0.0007866167138901618
