train,val
0.00032955892820675167,0.0006863658182898208
0.0003378184425492436,0.0003981517905177658
0.0001881810429779716,0.00030240419332853085
0.00015821094406936342,0.0002994704506069384
0.00014215912890596765,0.00023770688416976447
0.00018168529167884352,0.0004471984068325529
0.00028387805201523505,0.0003664226801715011
0.00014223032370465398,0.00027214605496042436
0.00013380844156861765,0.00032487763923306963
0.00012473374076664263,0.00030723962000218523
