train,val
0.0001762982510227665,0.00024138511960916195
0.0001383720345282988,0.000284843420874606
0.00011538533923425202,0.0002688162733602112
0.00011154810753489953,0.0002490500379033999
0.0001201166720721955,0.0002508403222236666
0.00011324801717769157,0.00028446648974318284
