train,val
0.0003512752917469825,0.0005591915868921624
0.00020231592240794506,0.0009011474127723461
0.00017807926138612142,0.00019775756664529968
0.00024618109856221394,0.0017040366040831248
0.00020224972305143854,0.000914415553086119
0.00017188959415873162,0.0002407230495140434
0.00015576753788179316,0.0004590695527976939
0.00019000147357483722,0.0009738346587176847
