train,val
0.00022332368308548376,0.0003132639276768516
0.00015674758442163882,0.00020738712164793338
0.00017005463187676057,0.00027640768048118133
0.00017358811695887015,0.0002192265942605867
0.00016136590018303446,0.00023627106931098092
0.00014146550007916361,0.00026693364141438917
0.00013467653611532303,0.00023253945591536848
