train,val
0.00024106191800327736,0.00040578234636328656
0.00012589460336281903,0.00024536040558627943
0.00012374890522048954,0.00017955813648264706
0.00011306332109721873,0.00021294047382407828
0.00011196787315702689,0.00023289833855254748
0.0001063170994887726,0.00022673586318223702
0.00011394792369544461,0.0002672242776833359
0.00010168794824844558,0.00022037356521329896
