train,val
0.0002083754155613585,0.0003967388985494227
0.00017545137853393493,0.00048268520779254804
0.0001633259710751834,0.00021866481308783437
0.00015155264114553158,0.0003228770183226607
0.00015895952765159423,0.00024054499780416225
0.0001574036649159855,0.0003062845962533253
0.00015659332600659087,0.0002809780576621601
0.00013873393898469153,0.0003091790023233489
