train,val
0.00026141982163084906,0.00029963397805953483
0.00024750723992227454,0.000585076300635003
0.00022072316912712518,0.0002406835990363067
0.00021071396193689596,0.00035809493725183993
0.00021312133623593098,0.0005033003902707665
0.00021436330401793132,0.0004988094148181432
0.00020755101757063258,0.00032502228421160765
0.00018942415455427793,0.00040254217133338805
