train,val
0.0001828876429654759,0.000769404405702857
0.00011982232527665058,0.0005131031309816444
0.00011148540532277364,0.0004048173117906562
0.00010671938718597646,0.0004831098725478225
9.241626632897171e-05,0.00022609076840414261
9.821309550655318e-05,0.0002949607528764135
9.95361850290041e-05,0.0003591142179538365
9.557771267473873e-05,0.00033321286032627305
9.080567933709573e-05,0.00026059306825615533
9.498366699888151e-05,0.00027423406967493796
