train,val
0.0002915415453406554,0.0003485313927740208
0.00019099673373045053,0.00031573463545852144
0.00018078059634626042,0.0004207138171941683
0.0001655995242705633,0.00023824524625682818
0.00014818272314754815,0.0002991501604138529
0.00015301940834842425,0.0003350794154950721
0.00012680305539018152,0.0002945115123941872
0.00015404196586659178,0.00047146689051431537
0.00013446350426960202,0.0002555143069332479
