train,val
0.000410098157330493,0.0005310684850553736
0.00027931987909292247,0.00046131674401334277
0.00027781527595958954,0.00028645532815510484
0.00023399865686171077,0.0003818255066674454
0.00023181204317212085,0.0003389434291750439
0.0002267927475471709,0.0005003857840943122
0.00020137413808835007,0.0005041429904203919
0.00018176552351623475,0.0005212014466187743
