train,val
0.0002271800615654632,0.0005977854664399156
0.00016274445593903803,0.00046500814433987235
0.00013513235662275874,0.00020983547934395855
0.00014280704390103597,0.00021145630101292756
0.00015276250019182532,0.00034377536742471315
0.00013723892211763605,0.0003542864205588793
0.00015025340956064737,0.0004377006094963683
0.00013527835865968134,0.0002784918706769165
