train,val
0.0003920705632248977,0.00048778278669224295
0.0001968768406550389,0.0002825317236968566
0.00015978468605425792,0.00030427836800563324
0.00016209855792982883,0.0002469751198011669
0.00015056143828090388,0.0002916594139737688
0.00015286222768615433,0.00032586155027498876
0.00014063884824647973,0.0003226146613338062
0.00013595734137227168,0.0002472093050646831
0.00011620295766442069,0.00024746249036452616
