train,val
0.0003196669810295576,0.0008690464848454827
0.00018032750396247896,0.00037575822091593763
0.00018202661964969986,0.00026126000075695264
0.00016453209268007846,0.0002286053958800458
0.000164915659040322,0.0005690778192951806
0.00018466859810948775,0.0003762582970901728
0.00016163809636972467,0.00038629865709134453
0.00014149792430690443,0.0003553753159041217
0.00015151849607381788,0.0003472842900794885
