train,val
0.0005462153457524077,0.00047666416688062945
0.0002230671625086301,0.00023595012124347063
0.00013982667846805348,0.00027341615085627865
0.00014734658729918115,0.0003760093495122205
0.00013827347543434148,0.00026545349047570624
0.00013841729493486768,0.0003250329438528484
0.00012753306775999367,0.0003079906274412197
