train,val
0.0003058792933748465,0.00040085308647059404
0.00021517262235832085,0.0003589581271181297
0.00017655934712870446,0.0003091154505533569
0.00018887688361953256,0.00024166446377153113
0.00017129437635552636,0.0002514008715692228
0.00016575886903361033,0.0002679339520176877
0.0001525457837703639,0.00028154530788168875
0.0001436942604079298,0.00035705133267429967
0.0001405992224811217,0.0002825911311208447
